date,sales,onpromotion,oil_price,holiday,diff,Train_Forecast
2013-01-09,302530.809018,0,93.08,0,-193561.60892599996,438141.92663554073
2013-01-10,258982.003049,0,93.81,0,-102479.22807499999,402795.9101159143
2013-01-11,289737.6850845,0,93.6,0,-64721.99200819997,392455.6912648484
2013-01-12,403258.2120105,0,93.76754698457222,1,-74091.90921849996,561593.8682319707
2013-01-13,464638.547998,0,94.10245301542776,0,-55056.85308999999,423916.45770390716
2013-01-14,293348.362078,0,94.27,0,-42774.43898800004,419358.42855748686
2013-01-15,299129.549954,0,93.26,0,-19218.228027000034,537120.536454608
2013-01-16,318347.913946,0,94.28,0,15817.104927999957,396562.2940104881
2013-01-17,267498.5159755,0,95.49,0,8516.5129265,382703.12798580434
2013-01-18,296130.850028,0,95.61,0,6393.1649435000145,459341.17009131145
2013-01-19,432459.852021,0,95.69002992332149,0,29201.640010499978,533375.6535826081
2013-01-20,461092.386047,0,95.85000000000001,0,-3546.1619509999873,393176.1546674738
2013-01-21,311211.26595000003,0,96.00997007667851,0,17862.903872000054,370235.9975580529
2013-01-22,296214.728983,0,96.09,0,-2914.8209710000083,448212.40746826085
2013-01-23,283258.4530325,0,95.06,0,-35089.46091349999,364120.8125689879
2013-01-24,247245.690995,0,95.35,0,-20252.82498049998,386271.1074076004
2013-01-25,290022.77193,0,95.15,0,-6108.078098000027,505935.5485358518
2013-01-26,413799.7679753,0,95.35005610098177,0,-18660.084045699972,581884.0515777237
2013-01-27,430411.991233,0,95.74994389901823,0,-30680.394814,429295.3709865307
2013-01-28,285460.169953,0,95.95,0,-25751.095997000055,398787.05204506096
2013-01-29,264488.81807649997,0,97.62,0,-31725.91090650001,464499.8565240665
2013-01-30,281061.127052,0,97.98,0,-2197.325980499969,405814.02079257165
2013-01-31,271254.217996,0,97.65,0,24008.52700100001,433730.23261398525
2013-02-01,369402.055266,0,97.46,0,79379.283336,532243.7345833229
2013-02-02,518887.462705,0,97.14741234221599,0,105087.69472969999,524776.4822241189
2013-02-03,486336.82018,0,96.522587657784,0,55924.82894699997,381439.52854084625
2013-02-04,344308.715017,0,96.21,0,58848.545064000005,362863.41043936345
2013-02-05,321245.83913,0,96.68,0,56757.02105350001,383484.92468673317
2013-02-06,321538.177149,0,96.44,0,40477.05009699997,374732.48655589053
2013-02-07,290807.530973,0,95.84,0,19553.312976999965,419460.5810729813
2013-02-08,347441.789912,0,95.71,0,-21960.265353999974,488719.1309083751
2013-02-09,416176.2790747,0,96.03509116409538,0,-102711.18363029999,485841.4213152415
2013-02-10,300951.328993,0,96.68490883590462,0,-185385.491187,346948.4656788305
2013-02-11,278627.588926,0,97.01,1,-65681.12609099998,391256.6332754368
2013-02-12,308800.7909121,0,97.48,1,-12445.048217899981,428987.21781672636
2013-02-13,319597.929962,0,97.03,0,-1940.2471870000008,395204.7565003636
2013-02-14,308164.016957,0,97.3,0,17356.485984000028,382122.83425063465
2013-02-15,320168.883912,0,95.95,0,-27272.906000000017,494387.87951347005
2013-02-16,485660.494008,0,96.07337946512062,0,69484.21493329998,456413.947716331
2013-02-17,399588.910014,0,96.32,0,98637.58102100005,394207.09021080186
2013-02-18,350745.573191,0,96.56662053487936,0,72117.98426499998,354963.0686123347
2013-02-19,293637.801951,0,96.69,0,-15162.988961099996,402654.03566109715
2013-02-20,313803.162034,0,94.92,0,-5794.767928000016,327680.3334225713
2013-02-21,267711.1090155,0,92.79,0,-40452.907941500016,382557.1933965746
2013-02-22,285679.869131,0,93.12,0,-34489.014780999976,584114.7523982237
2013-02-23,412897.349113,0,93.02497335203367,0,-72763.14489500003,522698.39483916305
2013-02-24,452726.126103,0,92.83502664796634,0,53137.216088999994,444464.5225644579
2013-02-25,307110.875933,0,92.74,0,-43634.69725799997,385212.2026597646
2013-02-26,270425.0070675,0,92.63,0,-23212.794883500028,432822.5479603089
2013-02-27,288401.998919,0,92.84,0,-25401.163115000003,361717.6047420276
2013-02-28,278116.291888,0,92.03,0,10405.18287249998,413441.6034168889
2013-03-01,378898.165064,0,90.71,0,93218.29593299999,503746.1439638691
2013-03-02,547857.205258,0,90.56495932678821,1,134959.85614499997,525201.5425898908
2013-03-03,559820.580027,0,90.27504067321178,0,107094.45392400003,385466.2540017109
2013-03-04,383647.679097,0,90.13,0,76536.80316399998,351555.9792994067
2013-03-05,332189.993189,0,90.88,0,61764.98612150003,369146.4352760293
2013-03-06,335726.580968,0,90.47,0,47324.58204900002,329060.0530534147
2013-03-07,293099.52701,0,91.53,0,14983.235122000042,357521.1218256734
2013-03-08,316600.679967,0,92.01,0,-62297.485097000026,486722.8300421488
2013-03-09,453259.496866,0,92.02500420757364,0,-94597.70839199994,517253.19356905035
2013-03-10,461859.756153,0,92.05499579242635,0,-97960.82387400005,402281.9975896446
2013-03-11,318379.133021,0,92.07,0,-65268.54607599997,350165.2154104252
2013-03-12,271823.37801,0,92.44,0,-60366.615179000015,371772.446575394
2013-03-13,287869.663972,0,92.47,0,-47856.916995999985,331246.38278087333
2013-03-14,247541.420096,0,93.03,0,-45558.10691400003,378324.69428950537
2013-03-15,315878.090213,0,93.49,0,-722.5897539999569,498432.1913838125
2013-03-16,482233.433961,0,93.54501542776998,0,28973.937095,511705.16389781
2013-03-17,513439.584913,0,93.65498457223,0,51579.828760000004,358320.73082536523
2013-03-18,330283.80303,0,93.71,0,11904.670008999994,323327.50619995996
2013-03-19,294020.245897,0,92.44,0,22196.86788700003,351721.5564479794
2013-03-20,321207.006946,0,93.21,0,33337.34297399997,318046.4115340263
2013-03-21,269130.127953,0,92.46,0,21588.70785700003,385442.7802392272
2013-03-22,304100.453969,0,93.41,0,-11777.636243999994,513853.84287341003
2013-03-23,453192.003086,0,93.69507994389902,0,-29041.43087500002,510492.3232322412
2013-03-24,449794.636951,0,94.26492005610098,0,-63644.94796199998,415456.2572904766
2013-03-25,317559.6099585,0,94.55,0,-12724.19307149999,346412.820085856
2013-03-26,275818.2359,0,95.99,0,-18202.009996999986,417360.475491397
2013-03-27,313691.148998,0,96.53,0,-7515.857947999961,391825.9057328526
2013-03-28,339293.269022,0,97.24,0,70163.141069,396944.3853952794
2013-03-29,345513.132,0,97.21665793903122,0,41412.67803099996,498557.0431998967
2013-03-30,452661.356036,0,97.17,0,-530.6470499999705,530722.5341179355
2013-03-31,462107.639956,0,97.12334206096877,0,12313.003005000006,419406.2803630691
2013-04-01,428816.447912,0,97.1,1,111256.83795349998,376681.25388624886
2013-04-02,377732.827961,0,97.23,0,101914.59206099994,374153.2033778942
2013-04-03,373731.0758793,0,95.02,0,60039.926881299994,327999.0760995386
2013-04-04,308738.385963,0,93.26,0,-30554.883059000014,444032.362299581
2013-04-05,336394.782031,0,92.76,0,-9118.349968999973,487533.93985596986
2013-04-06,509424.214023,0,92.91004207573633,0,56762.85798699997,579641.3521253899
2013-04-07,519048.376884,0,93.20995792426368,0,56940.736928,341967.9392988508
2013-04-08,346649.815943,0,93.36,0,-82166.63196899998,356961.94081598194
2013-04-09,306335.8019617,0,94.18,0,-71397.02599929995,378332.29651527875
2013-04-10,312846.374941,0,94.59,0,-60884.7009383,359545.26308502274
2013-04-11,303223.41301,0,93.44,0,-5514.9729529999895,337785.04315740603
2013-04-12,314394.967035,0,91.23,1,-21999.81499600003,499195.1992155271
2013-04-13,453442.497048,0,90.60982608695653,0,-55981.71697499999,557472.8147955133
2013-04-14,478417.148813,0,89.37017391304349,1,-40631.22807100002,365794.33374404634
2013-04-15,338712.458055,0,88.75,0,-7937.357888000028,342686.9362164466
2013-04-16,333431.880049,0,88.73,0,27096.078087300004,354430.3076476421
2013-04-17,334990.518942,0,86.65,0,22144.14400099998,313372.1020565735
2013-04-18,281924.509951,0,87.83,0,-21298.903059000033,328877.7349980413
2013-04-19,311588.70494,0,88.04,0,-2806.2620949999546,488345.76867240074
2013-04-20,459884.838043,0,88.23255399719496,0,6442.340995000035,468044.0879164863
2013-04-21,485721.032087,0,88.61744600280505,1,7303.883274000022,433774.92426788877
2013-04-22,328886.320986,0,88.81,0,-9826.13706899999,313719.86206638115
2013-04-23,302097.8329435,0,89.21,0,-31334.04710550001,422703.2833374127
2013-04-24,310555.184925,0,91.07,0,-24435.334016999986,353532.7421711886
2013-04-25,268790.618996,0,93.27,0,-13133.89095500001,389893.525606422
2013-04-26,304413.556952,0,92.63,0,-7175.1479880000115,526151.1505380383
2013-04-27,446665.337895,0,92.99510238429171,0,-13219.500148000021,511376.4046415222
2013-04-28,477623.4729303,0,93.72489761570827,0,-8097.559156700037,407742.4483154909
2013-04-29,328795.874018,0,94.09,1,-90.44696800003294,377449.3905981146
2013-04-30,310186.466894,0,93.22,0,8088.633950499992,408175.26616643113
2013-05-01,507974.636889,0,90.74,1,197419.451964,324890.35379327915
2013-05-02,348709.460063,0,93.7,0,79918.841067,357493.3476337893
2013-05-03,374291.2510323,0,95.25,0,69877.69408029999,573794.1413353547
2013-05-04,520339.51596499997,0,95.38753856942496,0,73674.17806999997,587714.7952921664
2013-05-05,580268.550981,0,95.66246143057502,0,102645.07805069996,454184.6258412339
2013-05-06,369869.383046,0,95.8,0,41073.509028,369563.5332339038
2013-05-07,317292.964148,0,95.28,0,7106.497253999987,404295.30163124093
2013-05-08,332477.410968,0,96.24,0,-175497.225921,290080.9371918076
2013-05-09,305868.0570225,0,96.09,0,-42841.40304049995,374211.88659852947
2013-05-10,335937.441949,0,95.81,0,-38353.8090833,495225.50552601356
2013-05-11,512090.58108,0,95.63493454273424,1,-8248.934884999995,595486.4640734588
2013-05-12,775721.010029,0,95.11003272863289,1,195452.45904800005,352241.94571101916
2013-05-13,350598.06187,0,94.76,0,-19271.321175999998,333332.9633994117
2013-05-14,308469.313119,0,93.96,0,-8823.651029,359282.2172038788
2013-05-15,329113.560081,0,93.95,0,-3363.850887000037,333993.2979226395
2013-05-16,307556.946937,0,94.85,0,1688.889914499945,403382.17163123604
2013-05-17,330004.241998,0,95.72,0,-5933.199950999988,499309.6025302034
2013-05-18,480969.558942,0,95.86253997194952,0,-31121.022138,541846.1023523267
2013-05-19,518153.554009,0,96.14746002805049,0,-257567.45601999998,322187.416482753
2013-05-20,341787.214991,0,96.29,0,-8810.84687899996,312557.44408216095
2013-05-21,307178.399952,0,95.55,0,-1290.9131669999915,358089.3896926503
2013-05-22,301785.4831075,0,93.98,0,-27328.076973499963,321343.09115962574
2013-05-23,289261.058026,0,94.12,0,-18295.888910999987,360160.8535597412
2013-05-24,398389.241982,0,93.84,1,68384.999984,480127.3921011784
2013-05-25,417930.141993,0,93.975050495605,0,-63039.41694899998,579458.7484313353
2013-05-26,450631.400068,0,94.245,0,-67522.153941,425406.2915839267
2013-05-27,321630.8309235,0,94.51494950439499,0,-20156.38406750001,408054.02766484907
2013-05-28,307329.1680565,0,94.65,0,150.76810450002085,382800.21390765574
2013-05-29,309333.380899,0,93.13,0,7547.8977914999705,346352.77855712106
2013-05-30,304344.849939,0,93.57,0,15083.791912999994,365665.89902961935
2013-05-31,330257.841975,0,91.93,0,-68131.40000700002,534452.321510562
2013-06-01,566901.814988,0,92.30010378681627,0,148971.67299499997,572707.4020791851
2013-06-02,637698.494958,0,93.03989621318374,0,187067.09489,380346.67226850986
2013-06-03,426332.097995,0,93.41,0,104701.26707150001,335090.6205050413
2013-06-04,369705.160085,0,93.36,0,62375.99202849995,344678.01142579457
2013-06-05,361791.080915,0,93.66,0,52457.70001600002,316291.538545254
2013-06-06,317496.765891,0,94.71,0,13151.91595200001,339347.1022625561
2013-06-07,357673.087977,0,96.11,0,27415.246002,495322.6777887064
2013-06-08,466292.699096,0,96.03747966339411,0,-100609.11589199997,561924.9189713267
2013-06-09,526804.730256,0,95.89252033660588,0,-110893.76470200007,333303.4069988581
2013-06-10,349754.291978,0,95.82,0,-76577.806017,329053.0161015996
2013-06-11,283858.2159925,0,95.5,0,-85846.94409249997,337926.7928711464
2013-06-12,320173.5779987,0,95.98,0,-41617.50291629997,346971.1563393698
2013-06-13,282886.9200452,0,96.66,0,-34609.84584580001,351037.3209567617
2013-06-14,326956.74210719997,0,97.83,0,-30716.345869800018,504752.0036369527
2013-06-15,505950.6668701,0,97.8375021037868,0,39657.96777410002,573602.5406887757
2013-06-16,435894.082881,0,97.85249789621318,0,-90910.64737499994,346700.67494276195
2013-06-17,370944.271024,0,97.86,0,21189.979045999993,384849.4614650999
2013-06-18,320885.3399215,0,98.46,0,37027.123928999994,579610.9504540584
2013-06-19,319235.25797700003,0,98.24,0,-938.3200216999976,361011.94111002114
2013-06-20,293877.944015,0,94.89,0,10991.023969800037,393969.57720658334
2013-06-21,319722.6870265,0,93.81,0,-7234.055080699967,394250.26888817805
2013-06-22,446347.312096,0,94.12508835904629,0,-59603.35477410001,574309.0683065531
2013-06-23,504964.845142,0,94.75491164095372,1,69070.762261,395371.979482226
2013-06-24,336631.9640383,0,95.07,0,-34312.30698570004,553534.1557398243
2013-06-25,915358.590192,0,95.25,1,594473.2502705001,371600.73710598523
2013-06-26,301847.2489636,0,95.47,0,-17388.009013400006,440820.40142848575
2013-06-27,266525.458966,0,97.0,0,-27352.48504900001,365305.9035408899
2013-06-28,324210.971803,0,96.36,0,4488.284776500019,598262.5776649624
2013-06-29,509379.108146,0,96.755110799439,0,63031.796050000004,451995.93782507395
2013-06-30,533481.693027,0,97.544889200561,0,28516.847884999937,422127.2771743479
2013-07-01,441758.3880965,0,97.94,0,105126.42405820003,432284.9417376719
2013-07-02,390958.38408,0,99.65,0,-524400.206112,399347.72811345384
2013-07-03,749103.835898,0,101.92,1,447256.5869344,266367.8621812827
2013-07-04,327020.179028,0,102.505,0,60494.72006199998,313120.9359950054
2013-07-05,351401.500074,0,103.09,0,27190.52827099996,468508.6024816489
2013-07-06,479514.493924,0,103.07499579242636,0,-29864.614222000004,513917.8460653468
2013-07-07,500606.073078,0,103.04500420757363,0,-32875.619948999956,331371.51056970825
2013-07-08,365452.995017,0,103.03,0,-76305.3930795,377880.36155356263
2013-07-09,317279.1449993,0,103.46,0,-73679.23908069998,365591.3350293014
2013-07-10,314134.886071,0,106.41,0,-434968.94982700003,275112.2719131149
2013-07-11,281750.931023,0,104.77,0,-45269.248005,324035.23528502753
2013-07-12,308786.438133,0,105.85,0,-42615.06194099999,473604.2108976755
2013-07-13,432569.1022205,0,105.93752454417952,0,-46945.391703500005,483593.69396154035
2013-07-14,438722.417857,0,106.11247545582047,0,-61883.655220999965,350511.812484453
2013-07-15,348803.0469486,0,106.2,0,-16649.94806840003,436296.49893112236
2013-07-16,335516.229006,0,105.88,0,18237.084006699966,386994.4209869739
2013-07-17,324313.8180255,0,106.39,0,10178.931954499974,312695.66091164306
2013-07-18,287074.8739522,0,107.94,0,5323.942929200013,292640.0539089088
2013-07-19,313332.555049,0,108.0,0,4546.116916000028,472137.6913687177
2013-07-20,435497.731013,0,107.65240252454419,0,2928.628792500007,474940.63560255594
2013-07-21,437952.624049,0,106.95759747545581,0,-769.7938080000458,350331.38819514174
2013-07-22,342802.29905,0,106.61,0,-6000.747898600006,339014.67282356275
2013-07-23,316257.463107,0,107.13,1,-19258.76589899999,327014.3064950702
2013-07-24,309243.7899995,0,105.41,1,-15070.028026000015,290534.85619412566
2013-07-25,298074.2249247,0,105.47,1,10999.35097249999,392089.3281965028
2013-07-26,318745.692921,0,104.76,0,5413.137871999992,512977.3963829015
2013-07-27,423890.5020012,0,104.72248948106592,0,-11607.229011800024,520020.6609592479
2013-07-28,433358.6520873,0,104.64751051893408,0,-4593.97196169995,444681.6630895279
2013-07-29,331493.2850525,0,104.61,0,-11309.013997499947,371978.0265372825
2013-07-30,318553.989932,0,103.14,0,2296.526825000008,374919.5970795258
2013-07-31,357982.979012,0,105.1,0,48739.18901250005,345848.5238562601
2013-08-01,397555.3181021,0,107.93,0,99481.0931774,365694.8364817861
2013-08-02,393831.120007,0,106.94,0,75085.42708599998,543290.3307377824
2013-08-03,516956.846013,0,106.85747685834502,0,93066.34401180001,453350.2609011721
2013-08-04,514267.27594,0,106.69252314165497,0,80908.6238527,337060.807425038
2013-08-05,407033.810946,0,106.61,1,75540.52589349996,342923.21476278943
2013-08-06,357263.854086,0,105.32,0,38709.86415400001,357540.6008478632
2013-08-07,351302.132003,0,104.41,0,-6680.847009000019,367602.17896780785
2013-08-08,310953.0239315,0,103.45,0,-86602.29417060001,314368.52677388716
2013-08-09,337521.667868,0,106.04,0,-56309.452139,459191.81128908275
2013-08-10,434184.94409,0,106.07751051893408,1,-82771.901923,479079.1186152998
2013-08-11,434720.3230013,0,106.15248948106591,0,-79546.95293870004,376284.0225437704
2013-08-12,349539.224033,0,106.19,0,-57494.58691299998,360184.8655182894
2013-08-13,317103.331061,0,106.78,0,-40160.523025,361088.8257130626
2013-08-14,324377.386893,0,106.89,0,-26924.745110000018,306161.6858837558
2013-08-15,311043.17291,0,107.43,1,90.1489785000449,366212.7692320428
2013-08-16,364487.3218839,0,107.58,0,26965.654015899985,521864.3873726507
2013-08-17,448835.3109167,0,107.46996914446002,0,14650.366826699988,449092.00894969655
2013-08-18,464053.7730675,0,107.25003085553998,0,29333.450066199992,344208.90291875246
2013-08-19,362085.52696,0,107.14,0,12546.302926999982,335451.1223402885
2013-08-20,343046.11398,0,104.9,0,25942.78291900002,344427.59989635425
2013-08-21,335724.643932,0,103.93,0,11347.25703899999,294605.6392404879
2013-08-22,306473.26098,0,104.93,0,-4569.911930000002,350610.47188965883
2013-08-23,331906.369098,0,106.48,0,-32580.95278589998,437152.8046024197
2013-08-24,420576.154994,0,106.32995792426367,1,-28259.15592270001,515644.55460555456
2013-08-25,443694.093754,0,106.03004207573632,0,-20359.679313500004,453830.62903471885
2013-08-26,347159.6410143,0,105.88,0,-14925.885945699993,424882.702509969
2013-08-27,319688.2190185,0,109.11,0,-23357.894961500017,392944.62991418276
2013-08-28,319322.060993,0,110.17,0,-16402.582938999985,333574.8228175523
2013-08-29,294518.685943,0,108.51,0,-11954.575037000002,380250.26704621775
2013-08-30,354932.930947,0,107.98,0,23026.56184899999,476918.7793560944
2013-08-31,523631.3811059,0,108.09504301477463,0,103055.2261119,562523.077682271
2013-09-01,640406.221875,0,108.325,0,196712.12812100007,424615.84484558384
2013-09-02,458792.960966,0,108.55495698522536,0,111633.31995169999,386292.40680121945
2013-09-03,397680.420032,0,108.67,0,77992.20101349999,340986.42529662565
2013-09-04,392565.48591,0,107.29,0,73243.424917,301103.70469499944
2013-09-05,330622.779063,0,108.5,0,36104.093119999976,343248.41454552225
2013-09-06,335442.247929,0,110.62,0,-19490.68301799998,481580.7126624745
2013-09-07,518584.247,0,110.3699298737728,0,-5047.1341059000115,539132.1616332384
2013-09-08,560852.005091,0,109.87007012622722,0,-79554.21678400005,397274.1921378173
2013-09-09,377151.7070027,0,109.62,0,-81641.25396329997,355970.20880318753
2013-09-10,308074.4658225,0,107.48,0,-89605.95420949999,343806.0840893625
2013-09-11,323124.61885,0,107.65,0,-69440.86705999996,304611.84510855586
2013-09-12,282855.730937,0,108.72,0,-47767.04812599998,349075.6717960142
2013-09-13,319556.942029,0,108.31,0,-15885.305899999978,485503.8286895303
2013-09-14,476364.004996,0,107.86737587657784,0,-42220.242004,540335.7231250593
2013-09-15,532852.959041,0,106.98262412342217,0,-27999.046050000004,387755.4200268718
2013-09-16,373229.840879,0,106.54,0,-3921.8661236999906,345013.94493064564
2013-09-17,327282.949966,0,105.36,0,19208.484143499983,339144.71459796984
2013-09-18,315687.718926,0,108.23,0,-7436.899924000027,300263.8077930207
2013-09-19,279580.372008,0,106.26,0,-3275.358929000038,342219.9749840278
2013-09-20,331846.9039701,0,104.7,0,12289.961941099958,541543.725281297
2013-09-21,468298.380896,0,104.42992426367461,0,-8065.624099999957,509746.8708728758
2013-09-22,502068.7019007,0,103.89007573632539,0,-30784.257140300004,385905.9071797581
2013-09-23,356043.0340047,0,103.62,0,-17186.806874300004,342093.54029469565
2013-09-24,303333.392926,0,103.22,0,-23949.557039999985,395177.14529708214
2013-09-25,312490.104996,0,102.68,0,-3197.6139299999923,348201.3635971379
2013-09-26,273057.8798588,0,103.1,0,-6522.492149199999,396128.3350403802
2013-09-27,320246.574024,0,102.86,0,-11600.329946100013,487635.32061649323
2013-09-28,484903.6890081,0,102.7349649368864,1,16605.3081121,577885.8750386204
2013-09-29,522868.441946,0,102.48503506311361,0,20799.740045299986,479388.0674563815
2013-09-30,367068.4500143,0,102.36,0,11025.416009599983,367893.7159233926
2013-10-01,436441.034076,0,102.09,0,133107.64114999998,418761.20678524044
2013-10-02,414455.6550375,0,104.15,0,101965.55004150001,276010.3498696186
2013-10-03,348933.24703,0,103.29,0,75875.36717120005,423941.44000184396
2013-10-04,378109.978059,0,103.83,0,57863.404035000014,489450.95744520647
2013-10-05,540156.625057,0,103.63994670406733,0,55252.93604889995,533577.2476662532
2013-10-06,553031.424016,0,103.26005329593266,0,30162.982070000027,329279.70346955734
2013-10-07,373387.109043,0,103.07,1,6318.659028699971,348963.43080140307
2013-10-08,326726.7240121,0,103.54,0,-109714.31006389996,322547.5287770037
2013-10-09,322529.418957,0,101.63,1,-91926.2360805,336412.13376266963
2013-10-10,305047.0980576,0,103.08,0,-43886.14897240006,361337.6233331517
2013-10-11,402913.849028,0,102.17,1,24803.87096900004,484114.3790402291
2013-10-12,426379.6909939,0,102.24252033660589,0,-113776.93406309996,527811.7736012501
2013-10-13,481781.2559686,0,102.3874796633941,0,-71250.16804740002,389870.08015853504
2013-10-14,342694.7209944,0,102.46,0,-30692.388048599998,367649.8185664538
2013-10-15,305242.569986,0,101.15,0,-21484.154026100005,343985.16235633526
2013-10-16,355696.963943,0,102.34,0,33167.54498599999,319611.82316126424
2013-10-17,312949.412961,0,100.72,0,7902.3149034000235,341434.7314377272
2013-10-18,323327.873107,0,100.87,0,-79585.975921,480409.6514074482
2013-10-19,488245.570001,0,100.47238849929875,0,61865.87900710001,528393.8525567657
2013-10-20,537713.5090483,0,99.67761150070127,0,55932.25307969999,364689.66920228297
2013-10-21,348721.327971,0,99.28,0,6026.606976600015,334851.6646308295
2013-10-22,301641.7850828,0,97.63,0,-3600.784903199994,343987.9203110512
2013-10-23,323105.11598,0,96.9,0,-32591.847963000007,307570.06961654377
2013-10-24,276059.0800025,0,96.65,0,-36890.33295850002,353564.52658377844
2013-10-25,317570.4260338,0,97.4,0,-5757.447073200019,582368.7685090583
2013-10-26,452902.363914,0,97.73509396914447,0,-35343.20608700003,616384.7975489367
2013-10-27,512891.4830689,0,98.40490603085554,0,-24822.025979399972,390543.9926761425
2013-10-28,346941.91396,0,98.74,0,-1779.4140110000153,369640.0233839917
2013-10-29,302332.9969864,0,98.29,0,691.211903599964,453052.31650243414
2013-10-30,319494.7050373,0,96.81,0,-3610.410942699993,392916.15512767894
2013-10-31,298195.433106,0,96.29,0,22136.353103500034,366872.37290012644
2013-11-01,403637.232955,0,94.56,0,86066.80692120001,484112.4311087594
2013-11-02,540615.555037,0,94.56500140252454,1,87713.191123,628436.5126082345
2013-11-03,602796.556029,0,94.57499859747544,1,89905.07296009996,462559.58334710187
2013-11-04,424314.167046,0,94.58,0,77372.25308600004,410327.0244948516
2013-11-05,393322.182909,0,93.4,0,90989.18592260004,316829.6683406811
2013-11-06,386426.9788195,0,94.74,1,66932.2737822,304634.876586122
2013-11-07,346293.3400477,0,94.25,1,48097.90694169997,373460.31576608436
2013-11-08,358473.978049,0,94.56,0,-45163.25490599999,502035.14226460434
2013-11-09,513850.32307,0,94.70253997194952,0,-26765.231967,555663.9216345322
2013-11-10,587666.490239,0,94.98746002805049,1,-15130.065790000022,397913.2316255009
2013-11-11,374087.890067,0,95.13,1,-50226.27697900002,371188.85209501005
2013-11-12,373277.748034,0,93.12,1,-20044.434875000035,352678.78272958257
2013-11-13,332279.2568851,0,93.91,0,-54147.72193440003,313937.13141073426
2013-11-14,284567.4029707,0,93.76,0,-61725.93707699998,368465.1546899187
2013-11-15,349383.296052,0,93.8,0,-9090.681997000007,512929.9951056079
2013-11-16,524065.5881155,0,93.60744600280505,0,10215.265045500011,552945.0223051711
2013-11-17,579209.228924,0,93.22255399719495,0,-8457.261314999894,385799.51016387047
2013-11-18,391945.551999,0,93.03,0,17857.661932000017,349172.6969673047
2013-11-19,329455.2710234,0,93.35,0,-43822.47701059998,355498.14096483344
2013-11-20,354337.734795,0,93.34,0,22058.477909900015,310965.33909101377
2013-11-21,298047.047965,0,95.35,0,13479.644994299975,368508.808052492
2013-11-22,340734.213038,0,94.53,0,-8649.083014000033,508079.5077924961
2013-11-23,485544.298837,0,94.36245301542776,0,-38521.289278500015,580519.3740056108
2013-11-24,550925.293106,0,94.02754698457223,0,-28283.935817999998,451281.0328137729
2013-11-25,365965.5090102,0,93.86,0,-25980.042988800036,413154.0325929885
2013-11-26,323292.830024,0,93.41,0,-6162.440999399987,405479.731461429
2013-11-27,337083.286026,0,92.05,0,-17254.44876900001,411404.7198943035
2013-11-28,305982.981947,0,92.3,0,7935.933982000046,446812.0212607648
2013-11-29,357000.404165,0,92.55,0,16266.191127000027,532463.0062962052
2013-11-30,541977.655801,0,92.81507433380084,0,56433.35696399998,677649.0230580093
2013-12-01,698217.128989,0,93.34492566619916,0,147291.83588299993,403432.5088947797
2013-12-02,495488.366984,0,93.61,0,129522.85797380004,379022.23884484515
2013-12-03,424438.046973,0,95.83,0,101145.21694899997,391377.33037204185
2013-12-04,424147.0459855,0,96.97,0,87063.75995949999,367640.2446380954
2013-12-05,386406.804985,0,97.14,1,80423.82303799997,403312.6871750523
2013-12-06,432661.755068,0,97.48,1,75661.35090299998,564770.7987761116
2013-12-07,537181.319801,0,97.38497335203367,0,-4796.33600000001,601495.1778577624
2013-12-08,588855.895921,0,97.19502664796633,1,-109361.23306799994,457323.05781653116
2013-12-09,442309.3141075,0,97.1,0,-53179.052876500005,441357.1291044278
2013-12-10,414421.695986,0,98.32,0,-10016.350986999983,457082.8356777245
2013-12-11,422957.198908,0,97.25,0,-1189.8470774999587,412789.57034402643
2013-12-12,384256.080979,0,97.21,0,-2150.724005999975,483524.43692555523
2013-12-13,434657.0129787,0,96.27,0,1995.257910699991,692193.5670314345
2013-12-14,554911.917024,0,96.49756381486677,0,17730.59722300002,724466.4834923522
2013-12-15,642015.7758165,0,96.95243618513325,0,53159.87989549991,843942.5933070098
2013-12-16,516060.290853,0,97.18,0,73750.9767455,680670.5825729392
2013-12-17,480470.71684249997,0,96.99,0,66049.02085649996,672209.1514220644
2013-12-18,527481.336925,0,97.59,0,104524.13801699993,326651.7564433705
2013-12-19,507461.038187,0,98.4,0,123204.957208,520104.6279392245
2013-12-20,544104.2676365,0,99.11,0,109447.25465779996,631772.2904756215
2013-12-21,685673.07474,0,99.02830278660932,1,130761.15771599999,858358.3947305634
2013-12-22,1392590.293734,0,98.78334860669534,1,750574.5179175001,531547.8704496616
2013-12-23,792865.284427,0,98.62,1,276804.99357399996,444216.21766873123
2013-12-24,620663.290732,0,98.87,1,140192.57388950005,191170.82360420632
2013-12-26,470731.1624137,0,99.18,1,-56750.174511299934,566618.3821158763
2013-12-27,479314.968043,0,99.94,0,-28146.070144000056,575581.1564420131
2013-12-28,556952.3059789999,0,99.67992706872371,0,12848.038342499989,899507.2093244579
2013-12-29,499719.5049237,0,99.16007293127629,0,-185953.56981629995,875595.453800978
2013-12-30,635134.7358515,0,98.9,0,-757455.5578825001,533576.4768335824
2013-12-31,507264.6630475,0,98.17,1,-285600.62137949996,319479.85339315195
2014-01-01,8602.065404,0,96.655,1,-612061.225328,675012.3495143699
2014-01-02,801011.226041,0,95.14,0,330280.06362729997,609494.6376175712
2014-01-03,680672.845603,0,93.66,0,201357.87756000005,673038.6718382998
2014-01-04,936628.8866039,0,93.52496213183731,0,379676.58062490006,702846.6372344056
2014-01-05,949618.78894,0,93.2550378681627,0,449899.2840163,855275.7670922489
2014-01-06,602268.564009,0,93.12,0,-32866.171842499985,483849.86094902176
2014-01-07,563450.5988595,0,93.31,0,56185.93581200001,418551.9840344236
2014-01-08,636176.853478,0,91.9,0,627574.788074,563770.8333677145
2014-01-09,496377.933414,0,91.36,0,-304633.29262699996,529727.7265465719
2014-01-10,543055.329066,0,92.39,0,-137617.51653700008,678653.957157823
2014-01-11,787321.455619,0,92.15493408134643,0,-149307.43098489998,778211.4549823048
2014-01-12,844633.598917,0,91.68506591865358,0,-104985.190023,750307.3599636008
2014-01-13,555547.0150185,0,91.45,0,-46721.54899049993,508399.70336158393
2014-01-14,502643.104285,0,92.15,0,-60807.494574500015,473251.4651417758
2014-01-15,567067.469069,0,93.78,0,-69109.38440900005,535427.6407167271
2014-01-16,502789.214207,0,93.54,0,6411.280792999954,529066.0476301067
2014-01-17,542937.915657,0,93.96,0,-117.41340899991337,684581.3647001176
2014-01-18,786779.8899055,0,94.05170095380588,0,-541.565713500022,766961.3940443695
2014-01-19,851735.334091,0,94.235,0,7101.73517400003,708837.3603297975
2014-01-20,575850.061871,0,94.41829904619414,0,20303.046852499945,486871.59333478654
2014-01-21,538817.207912,0,94.51,0,36174.103627000004,464673.33187964273
2014-01-22,553097.596874,0,96.35,0,-13969.872194999945,494181.0175625369
2014-01-23,460789.0398597,0,97.23,0,-42000.174347299966,517387.1008230852
2014-01-24,526124.572256,0,96.66,0,-16813.34340100002,708926.1749831676
2014-01-25,733880.979053,0,96.44994109396913,0,-52898.910852500005,745828.4411392385
2014-01-26,814057.732862,0,96.03005890603086,0,-37677.60122900002,583336.4294578494
2014-01-27,540798.833711,0,95.82,0,-35051.22815999994,418930.2284827616
2014-01-28,481593.435798,0,97.49,0,-57223.77211399999,427169.8572007789
2014-01-29,512853.989922,0,97.34,0,-40243.60695200006,450838.5972882619
2014-01-30,453642.9707033,0,98.25,0,-7146.069156400044,461748.43356646196
2014-01-31,560816.192394,0,97.55,0,34691.620138,591055.2557587612
2014-02-01,648870.19898,0,97.2724221598878,0,-85010.780073,624747.7924203915
2014-02-02,619805.537102,0,96.7175778401122,0,-194252.19576000003,484148.38118455076
2014-02-03,461637.5229585,0,96.44,0,-79161.31075250002,385005.0902366606
2014-02-04,403189.5869763,0,97.24,0,-78403.84882170003,377521.9505366425
2014-02-05,399138.3059075,0,97.4,0,-113715.6840145,408741.7593830556
2014-02-06,359139.101529,0,97.84,0,-94503.8691743,432718.054337221
2014-02-07,389471.568011,0,99.98,0,-171344.62438300002,561041.9688316775
2014-02-08,530128.059914,0,100.01500981767181,0,-118742.139066,594826.7959605627
2014-02-09,520753.7470746,0,100.0849901823282,0,-99051.79002739995,497920.3826539989
2014-02-10,396622.737011,0,100.12,0,-65014.78594750003,393094.50706307957
2014-02-11,358382.7339877,0,99.96,0,-44806.852988599974,388766.82137465384
2014-02-12,387758.393971,0,100.38,0,-11379.911936499993,375056.9552001882
2014-02-13,347373.2985675,0,100.27,0,-11765.802961499954,405482.60786897753
2014-02-14,361206.4069057,0,100.31,0,-28265.16110530001,556967.3044374133
2014-02-15,538893.357859,0,100.68180568543109,0,8765.297944999998,609570.488081091
2014-02-16,595300.23508,0,101.425,0,74546.4880054,439322.7662745495
2014-02-17,412029.2879535,0,102.16819431456894,0,15406.550942500005,371153.0107198714
2014-02-18,365331.247942,0,102.54,0,6948.513954299968,364091.5475794589
2014-02-19,360161.6390075,0,103.46,0,-27596.75496349996,379953.1197388676
2014-02-20,322451.9201135,0,103.2,0,-24921.37845400005,391197.26357351476
2014-02-21,369403.653633,0,102.53,0,8197.246727299993,580089.9169475557
2014-02-22,538206.082827,0,102.69004488078542,0,-687.2750320000341,795848.5964120073
2014-02-23,487896.463891,0,103.00995511921458,0,-107403.77118899999,586833.8453837483
2014-02-24,404224.188997,0,103.17,0,-7805.098956500005,542124.0726399211
2014-02-25,351418.110084,0,102.2,0,-13913.137858000002,488359.66432519787
2014-02-26,353604.266985,0,102.93,0,-6557.372022500029,602724.4657645242
2014-02-27,330330.185244,0,102.68,0,7878.265130500018,598250.0417224418
2014-02-28,425624.795466,0,102.88,0,56221.141833,803797.9869471753
2014-03-01,911360.2578707,0,103.49517251051893,0,373154.17504370003,672563.0238096998
2014-03-02,667413.052988,0,104.72482748948107,1,179516.58909699996,669522.0461672428
2014-03-03,613973.031386,0,105.34,1,209748.842389,583347.491929911
2014-03-04,748930.902096,0,103.64,1,397512.79201200005,613512.0912894636
2014-03-05,741756.416525,0,101.75,0,388152.14954,470034.99624033074
2014-03-06,614082.444339,0,101.82,0,283752.25909500004,529924.7021689459
2014-03-07,598242.341178,0,102.82,0,172617.545712,738576.0427142654
2014-03-08,753345.259201,0,102.4623997194951,0,-158014.9986697,742785.4234404542
2014-03-09,916117.649984,0,101.74760028050491,0,248704.59699600004,662582.9983965792
2014-03-10,587414.828974,0,101.39,0,-26558.202412000042,559724.238390827
2014-03-11,539365.375063,0,100.29,0,-209565.52703300002,559433.5702293083
2014-03-12,575676.797032,0,98.29,0,-166079.61949299998,487170.24418497377
2014-03-13,473298.042544,0,98.57,0,-140784.401795,542269.8232330857
2014-03-14,530515.2554715,0,99.23,0,-67727.08570649999,749082.5485054408
2014-03-15,731049.789851,0,99.02994389901824,0,-22295.46935000003,814214.38210194
2014-03-16,929808.492772,0,98.63005610098178,0,13690.842788000009,615570.408214736
2014-03-17,612719.522118,0,98.43,0,25304.69314400002,537748.5239706864
2014-03-18,537427.86875,0,100.08,0,-1937.5063129999908,554535.9858320933
2014-03-19,585974.657018,0,100.71,0,10297.859985999996,496457.08642606664
2014-03-20,500897.112641,0,99.68,0,27599.07009699999,528292.5364246323
2014-03-21,548811.469984,0,99.97,0,18296.21451249998,744291.0208327493
2014-03-22,771704.933772,0,99.99000561009818,0,40655.14392100007,826786.4122100766
2014-03-23,838814.636064,0,100.02999438990182,0,-90993.85670800006,627582.9320845705
2014-03-24,571762.044919,0,100.05,0,-40957.47719899996,650920.2330057895
2014-03-25,539861.6183493,0,99.66,0,2433.7495992999757,521970.7680297625
2014-03-26,569680.543547,0,100.61,0,-16294.11347099999,445732.6141595283
2014-03-27,468581.39830400003,0,101.25,0,-32315.714336999983,464195.95346221374
2014-03-28,538905.781947,0,101.73,0,-9905.688037000014,731254.7622201416
2014-03-29,822333.142686,0,101.68998877980366,0,50628.20891399996,741561.334350018
2014-03-30,873958.8396415,0,101.61001122019636,0,35144.20357750007,511020.092652024
2014-03-31,651800.509461,0,101.57,0,80038.46454199997,393289.61625460134
2014-04-01,485079.887001,8,99.69,1,-54781.7313483,441965.90408189676
2014-04-02,463917.316107,4,99.6,0,-105763.22744000005,379019.0863264168
2014-04-03,388867.961418,120,100.29,0,-79713.43688600004,431257.13952116546
2014-04-04,422578.745073,5,101.16,0,-116327.03687399992,695631.2965399926
2014-04-05,617680.194045,7,100.97744880785413,0,-204652.94864099997,630641.7160920416
2014-04-06,631888.250898,7,100.61255119214587,0,-242070.58874350006,481932.4564928618
2014-04-07,426091.1040178,3,100.43,0,-225709.40544319997,336570.77390780626
2014-04-08,376663.272105,8,102.57,0,-108416.61489600001,428328.114865153
2014-04-09,375309.08201199997,4,103.55,0,-88608.23409500002,387908.2495082015
2014-04-10,334052.7571255,119,103.37,0,-54815.204292499984,508735.5248592905
2014-04-11,379646.845927,14,103.68,0,-42931.89914600004,573343.1835494284
2014-04-12,529919.922964,10,103.77252594670408,1,-87760.27108099998,612601.7068400863
2014-04-13,540190.281942,16,103.95747405329594,0,-91697.96895599994,442233.51552956295
2014-04-14,381386.309033,8,104.05,1,-44704.794984799984,380580.88726543385
2014-04-15,364689.054991,45,103.7,0,-11974.217114,426977.51588004606
2014-04-16,411357.084985,45,103.71,0,36048.00297300005,395095.8081711911
2014-04-17,397464.842904,455,104.33,0,63412.08577850001,379748.61404320906
2014-04-18,394392.184115,37,104.3333345801384,1,14745.338188000023,565268.8100369093
2014-04-19,496904.749136,36,104.34,0,-33015.17382800003,600383.7275246456
2014-04-20,520126.3980386,56,104.3466654198616,0,-20063.88390340004,410722.17694084917
2014-04-21,398677.396998,28,104.35,1,17291.087964999955,375172.50445993507
2014-04-22,370552.249018,49,101.69,0,5863.1940269999905,409318.10179181537
2014-04-23,372232.595049,58,101.47,0,-39124.48993600003,426262.73859675037
2014-04-24,320875.477858,460,102.2,0,-76589.36504599999,445400.38235351344
2014-04-25,357173.708433,22,100.85,0,-37218.47568199999,613258.6922673988
2014-04-26,497334.735036,39,100.92001963534362,0,429.9859000000288,668577.8495171522
2014-04-27,560508.420995,52,101.05998036465638,0,40382.02295640006,435620.1583387728
2014-04-28,362271.9169815,65,101.13,0,-36405.48001649999,416471.6214490062
2014-04-29,326338.348031,73,101.56,0,-44213.90098699997,420696.0187139735
2014-04-30,357079.964912,86,100.07,0,-15152.630137,426658.1178522167
2014-05-01,530380.848064,547,99.69,1,209505.370206,411014.44865401415
2014-05-02,443284.891212,215,100.09,0,86111.18277899997,640051.6326834706
2014-05-03,610391.748971,72,100.00247545582049,0,113057.01393499994,665776.5961396875
2014-05-04,646164.863883,58,99.82752454417951,0,85656.44288799993,401497.29128680914
2014-05-05,427601.704071,67,99.74,0,65329.787089499994,326390.6649896844
2014-05-06,388945.890086,84,99.81,0,62607.54205500003,381254.69813436567
2014-05-07,391932.183945,71,101.06,0,34852.219033,397489.08725597727
2014-05-08,337483.713217,472,100.52,0,-192897.134847,426803.91845374816
2014-05-09,381335.196055,218,100.32,0,-61949.69515699998,529826.6271324832
2014-05-10,577012.026997,61,100.46253997194951,1,-33379.721973999985,546525.2037097682
2014-05-11,454512.928937,59,100.7474600280505,1,-191651.934946,427835.4138747173
2014-05-12,398251.889006,61,100.89,1,-29349.815064999973,410321.4625161112
2014-05-13,360734.522978,65,102.01,0,-28211.367108000035,399987.07693756575
2014-05-14,356373.806985,151,102.63,0,-35558.37696000002,394558.3704153596
2014-05-15,332272.8296378,534,101.74,0,-5210.883579200017,399015.65391478245
2014-05-16,380822.742652,1188,102.31,0,-512.4534030000214,586898.1643736247
2014-05-17,537873.964019,129,102.47004488078541,0,-39138.06297800003,544307.9854790492
2014-05-18,634519.7368283,139,102.7899551192146,0,180006.80789130006,399275.4530708891
2014-05-19,388814.744958,110,102.95,0,-9437.144047999987,358389.68657697545
2014-05-20,354372.33997,157,102.8,0,-6362.183008000022,380605.3147244103
2014-05-21,356898.483031,191,104.31,0,524.6760460000369,370928.83861472073
2014-05-22,310660.142642,1561,104.03,0,-21612.686995800002,383420.07242295664
2014-05-23,349549.892726,1274,105.01,0,-31272.849925999995,522863.5013023162
2014-05-24,516627.261707,220,104.97165232840847,1,-21246.70231199992,616862.5321330784
2014-05-25,573412.21016,218,104.89500000000001,0,-61107.52666830004,482117.5367275487
2014-05-26,373831.086112,188,104.81834767159155,0,-14983.658846000035,449399.07115117024
2014-05-27,327642.143098,196,104.78,0,-26730.196872,434535.4779168318
2014-05-28,338481.784057,192,103.37,0,-18416.698974,415410.98420865944
2014-05-29,326624.5773325,1586,104.26,0,15964.434690500028,419700.60702283063
2014-05-30,375782.6398709,1224,103.4,0,26232.74714490003,561577.1800018974
2014-05-31,597192.467989,267,103.31747685834502,0,80565.206282,646852.5616371238
2014-06-01,742732.830236,123,103.15252314165498,0,169320.620076,444738.8436819513
2014-06-02,512725.7729758,195,103.07,0,138894.6868638,389632.9077296297
2014-06-03,443636.187975,213,103.34,0,115994.04487700004,380592.3273903199
2014-06-04,423284.494993,236,103.27,0,84802.71093599999,450528.2988686962
2014-06-05,359474.513823,1616,103.17,0,32849.9364905,349630.0297634962
2014-06-06,391266.125449,1264,103.32,0,15483.485578099964,544167.9323772194
2014-06-07,557142.461024,197,103.76262412342216,0,-40050.006965000066,705835.4742358236
2014-06-08,626026.956957,215,104.64737587657784,0,-116705.87327900005,351157.26308667345
2014-06-09,415798.946041,199,105.09,0,-96926.82693479996,369607.7721087099
2014-06-10,351689.4229725,199,105.02,0,-91946.76500250003,362057.6341064595
2014-06-11,373828.16418,258,105.04,0,-49456.33081299998,425578.1355664752
2014-06-12,329408.06736,1979,107.2,1,-30066.44646300003,453975.82743733504
2014-06-13,392308.374573,1335,107.49,0,1042.2491240000236,526929.9408371456
2014-06-14,622072.988944,278,107.4975021037868,0,64930.52792000002,528067.5978320412
2014-06-15,441279.9339945,250,107.51249789621318,1,-184747.02296249993,492026.633221957
2014-06-16,447450.23987,338,107.52,0,31651.293828999973,375713.5065340019
2014-06-17,380396.036044,380,106.95,0,28706.613071500033,489984.543292377
2014-06-18,373408.6641423,425,106.64,0,-419.500037699996,726925.9523291239
2014-06-19,332280.93509600003,2359,107.08,0,2872.867736000044,543547.1051758048
2014-06-20,369206.789547,1933,107.95,1,-23101.585025999986,704402.6791982105
2014-06-21,538613.855166,308,107.66992145862552,0,-83459.13377800002,431206.85394758976
2014-06-22,591184.1240535,360,107.11007854137446,0,149904.190059,526113.8186441404
2014-06-23,414929.6359765,237,106.83,1,-32520.603893499996,511972.2363538318
2014-06-24,340464.7450455,266,106.64,0,-39931.290998500015,987766.5628335148
2014-06-25,1421369.592068,1416,107.04,1,1047960.9279257,546853.241153376
2014-06-26,315798.180924,2168,106.49,0,-16482.754172000044,808450.2898391928
2014-06-27,370793.573429,2732,106.46,0,1586.7838819999597,627283.6392800957
2014-06-28,510870.81398,425,106.36247265077138,1,-27743.041185999988,812315.9779072661
2014-06-29,567218.8850125,302,106.16752734922859,1,-23965.239041000023,462640.37041759136
2014-06-30,429324.0552005,352,106.07,1,14394.419224000012,816904.5414373472
2014-07-01,720480.616788,2320,106.06,1,380015.8717425,887622.2451570996
2014-07-02,747430.1471275,4310,105.18,0,-673939.4449405,441461.97185419814
2014-07-03,1167689.4415844,4766,104.76,1,851891.2606603999,484140.0896262586
2014-07-04,595424.31324,4056,104.66496446605574,1,224630.73981100006,690859.791943414
2014-07-05,817307.1101677,610,104.47500000000001,1,306436.2961877,822920.2779283933
2014-07-06,918276.596259,583,104.28503553394427,0,351057.7112465,520506.8594289962
2014-07-07,638526.428909,492,104.19,0,209202.3737085,551067.4054600265
2014-07-08,557291.4975265,2183,104.06,1,-163189.11926149996,715583.3895334575
2014-07-09,574451.409963,4281,102.93,1,-172978.73716450005,506489.8333392149
2014-07-10,498047.54898,2465,103.61,0,-669641.8926043999,518413.0503229181
2014-07-11,535644.182793,4057,101.48,0,-59780.13044700003,649119.0222357098
2014-07-12,756698.7523004999,568,101.54251753155681,1,-60608.357867200044,721388.0943165714
2014-07-13,733653.779849,720,101.66748246844321,1,-184622.81640999997,563047.2439726412
2014-07-14,584867.15114,617,101.73,0,-53659.27776900004,599337.0639985465
2014-07-15,562860.0268329,2329,100.56,0,5568.529306399985,778988.831689969
2014-07-16,621336.4939885,4446,101.88,0,46885.08402549999,492442.3518339743
2014-07-17,498221.7050971,2416,103.84,0,174.15611709997756,557288.0965739625
2014-07-18,547619.0590519,4275,103.83,0,11974.87625890004,633441.2921540507
2014-07-19,728988.226204,759,104.20760589060309,0,-27710.52609649999,732031.9571150559
2014-07-20,776474.1180457,636,104.96239410939691,0,42820.33819669997,556754.2358602161
2014-07-21,600228.430008,592,105.34,0,15361.278868000023,557744.9217139895
2014-07-22,530276.040011,2287,104.59,0,-32583.986821900005,666232.9927851099
2014-07-23,574168.635995,4459,103.81,1,-47167.85799349996,461209.5251930747
2014-07-24,484618.8170115,2425,102.76,1,-13602.888085599989,573220.9761640996
2014-07-25,579767.285128,4395,105.23,1,32148.226076099905,664080.5479261845
2014-07-26,688919.5500267,673,105.34253155680224,0,-40068.67617729993,716039.3077985278
2014-07-27,747307.86662,605,105.56746844319777,0,-29166.25142570003,496650.59926498926
2014-07-28,583936.68549,557,105.68,0,-16291.74451800005,482351.32930823416
2014-07-29,524743.3250017,2207,104.91,0,-5532.715009300038,398060.1797253159
2014-07-30,578056.965281,4640,104.29,0,3888.329285999993,490543.15898502525
2014-07-31,532423.558194,2319,98.23,0,47804.74118250003,473953.43581653247
2014-08-01,506826.7949305,4407,97.86,0,-72940.49019749998,590975.5242952963
2014-08-02,626533.637869,506,97.96002805049089,0,-62385.91215770005,655308.386562462
2014-08-03,625898.205888,453,98.15997194950913,0,-121409.66073200002,420097.797544313
2014-08-04,471173.304022,402,98.26,0,-112763.38146799995,343303.03689237766
2014-08-05,417197.476176,395,97.34,1,-107545.84882569994,396822.6037938239
2014-08-06,402914.370941,515,96.93,0,-175142.59434,447786.9727572
2014-08-07,359701.53298899997,2310,97.34,0,-172722.02520500007,498216.9545177748
2014-08-08,397759.9389829,4308,97.61,0,-109066.85594759998,524432.5462740337
2014-08-09,496192.787084,574,97.73003366058906,0,-130340.85078499996,567430.552229898
2014-08-10,509681.7650025,612,97.96996633941093,1,-116216.4408855,463494.3629815226
2014-08-11,409544.575013,530,98.09,0,-61628.729009,401505.879542696
2014-08-12,353898.211991,488,97.36,0,-63299.26418500004,404836.39016118663
2014-08-13,372116.544964,623,97.57,0,-30797.825977,425360.5858877305
2014-08-14,340740.8170565,2331,95.54,0,-18960.715932499967,441276.6317213095
2014-08-15,402631.8400593,4456,97.3,1,4871.901076400012,566951.8487766858
2014-08-16,533996.15517,578,97.08493969144459,0,37803.36808600003,635893.0596367903
2014-08-17,564443.173007,559,96.6550603085554,0,54761.40800450003,421549.70197334304
2014-08-18,433042.298907,514,96.44,0,23497.723893999995,352594.520549192
2014-08-19,379329.9530773,512,94.35,0,25431.741086299997,396490.12430472486
2014-08-20,398126.790988,582,96.4,0,26010.246023999993,388979.0123607436
2014-08-21,355108.8749955,2412,93.97,0,14368.05793900002,391213.8692443791
2014-08-22,388359.8983235,4479,93.61,0,-14271.941735800006,539231.817966037
2014-08-23,499678.208204,649,94.05512482468444,0,-34317.94696600002,580304.6118253901
2014-08-24,528990.5611087,680,94.94487517531556,1,-35452.611898300005,526593.0992102176
2014-08-25,412250.075007,591,95.39,0,-20792.223899999983,657727.7189391634
2014-08-26,355053.9079745,516,95.78,0,-24276.04510280001,770129.8851162748
2014-08-27,366321.498077,623,95.82,0,-31805.292910999968,513142.90639788937
2014-08-28,327912.427,2175,96.44,0,-27196.4479955,527616.863853356
2014-08-29,403288.917062,4268,97.86,0,14929.018738500017,699918.9485355944
2014-08-30,586373.694132,437,97.03635870581634,0,86695.48592799995,795356.0318000274
2014-08-31,660088.183052,455,95.39,0,131097.6219433,794045.3989253604
2014-09-01,812526.219024,633,93.74364129418365,0,400276.144017,673910.2813935316
2014-09-02,717351.552768,2300,92.92,0,362297.6447935001,697035.3205689886
2014-09-03,726683.8617375,4724,95.5,0,360362.3636604999,418074.90484371514
2014-09-04,551340.0774347,2657,94.51,0,223427.65043469996,551469.4996458124
2014-09-05,603043.241921,4802,93.32,0,199754.32485899993,732490.3451746091
2014-09-06,870139.4459765,959,93.14995231416549,0,283765.7518445001,823589.756013107
2014-09-07,997964.077948,942,92.81004768583449,0,337875.89489600004,677074.2841251171
2014-09-08,648651.744928,802,92.64,0,-163874.47409599996,590157.4156229623
2014-09-09,562420.568002,2511,92.73,0,-154930.98476600007,686711.2045977896
2014-09-10,612987.4722337,4874,91.71,0,-113696.38950379996,460382.32644076017
2014-09-11,483462.953022,2737,92.89,0,-67877.12441270001,537258.9069656751
2014-09-12,564382.847851,4727,92.18,0,-38660.39406999992,726656.0833192415
2014-09-13,795802.238124,1018,92.35004768583451,0,-74337.20785250003,844587.0262831241
2014-09-14,896501.5622945,1020,92.68995231416551,0,-101462.5156535001,670989.9435769325
2014-09-15,630710.5728885,870,92.86,0,-17941.172039499972,603791.1585631872
2014-09-16,608239.973016,2647,94.91,0,45819.40501400002,636588.171652679
2014-09-17,617472.3442115,4999,94.33,0,4484.871977800038,432776.8002898112
2014-09-18,479500.843061,2683,93.07,0,-3962.10996099998,516385.7133506363
2014-09-19,550213.093909,4614,92.43,0,-14169.753941999981,724476.5555853937
2014-09-20,808490.763077,898,92.18743197755961,0,12688.524953000015,890407.2973165119
2014-09-21,901420.451004,975,91.70256802244039,0,4918.888709500083,604278.3911441021
2014-09-22,589120.293928,798,91.46,0,-41590.27896050003,576614.0451379098
2014-09-23,559954.304399,2593,91.55,0,-48285.66861699999,657706.7253834337
2014-09-24,598183.114508,4837,93.6,0,-19289.229703500052,552170.3598971178
2014-09-25,466867.377076,2489,93.59,0,-12633.465985000017,624712.2088895153
2014-09-26,515474.223943,4319,95.55,0,-34738.86996600003,844403.3945133993
2014-09-27,781202.367982,632,95.29492847124824,0,-27288.395095000044,894969.5247317508
2014-09-28,886531.789814,739,94.78507152875174,1,-14888.661190000013,704660.7315542735
2014-09-29,586682.822002,582,94.53,0,-2437.4719260000857,704692.2390286555
2014-09-30,599093.9157257,2278,91.17,0,39139.61132669996,694394.4018410735
2014-10-01,784500.253914,4804,90.74,0,186317.13940600003,558891.4504947675
2014-10-02,634306.519052,2616,91.02,0,167439.14197600004,620796.618701867
2014-10-03,675639.295098,4482,89.76,0,160165.07115499995,827313.536534345
2014-10-04,931317.51302,735,89.90253997194951,0,150115.14503799996,855196.1077198763
2014-10-05,985466.962071,658,90.1874600280505,0,98935.172257,625378.2526341152
2014-10-06,641480.757266,606,90.33,0,54797.93526400009,558738.9238270188
2014-10-07,586410.2709706,2353,88.89,1,-12683.644755100016,690054.0871937798
2014-10-08,620201.323059,4784,87.29,0,-164298.93085500004,485980.6664421762
2014-10-09,510519.923104,2450,85.76,1,-123786.59594800003,612098.4201723374
2014-10-10,702470.317955,4569,85.87,1,26831.022857000004,781820.8923356269
2014-10-11,748309.153739,564,85.8349901823282,0,-183008.35928099998,882896.2205929374
2014-10-12,843971.132714,648,85.76500981767181,0,-141495.82935700007,650630.4842793187
2014-10-13,611726.926015,565,85.73,0,-29753.831251000054,589874.7980069917
2014-10-14,550589.573294,2357,81.72,0,-35820.69767659996,663339.5448838632
2014-10-15,624797.469491,4945,81.82,0,4596.146432000096,481405.0203709481
2014-10-16,538252.607117,2557,82.33,0,27732.68401300005,580963.3495794525
2014-10-17,558538.135999,4551,82.8,0,-143932.18195599993,790675.6464794171
2014-10-18,820840.970792,769,82.78999719495091,0,72531.81705299998,885869.5779082812
2014-10-19,935410.595877,769,82.77000280504909,0,91439.46316300007,620550.3067182592
2014-10-20,624629.990941,609,82.76,0,12903.06492600008,551998.231038712
2014-10-21,542207.165266,2086,83.25,0,-8382.408028000034,628726.027619259
2014-10-22,584926.355993,4755,80.52,0,-39871.11349800008,459307.95145739074
2014-10-23,492233.2322,2526,82.81,0,-46019.37491700001,545958.7646958551
2014-10-24,528403.680064,4477,81.27,0,-30134.455935000093,795000.3425033183
2014-10-25,758926.230707,1003,81.26749929873773,0,-61914.74008499994,996196.7165804482
2014-10-26,892128.498949,1020,81.26250070126228,0,-43282.096927999984,596835.3005736958
2014-10-27,572806.6319285,583,81.26,0,-51823.359012500034,676966.3184216297
2014-10-28,512678.811505,2327,81.36,0,-29528.353760999977,684843.1803217354
2014-10-29,560819.6780005,4953,82.25,0,-24106.677992500016,710900.8572936562
2014-10-30,459715.26616,2357,81.06,0,-32517.96604000003,595346.6121418229
2014-10-31,561876.0719155,4421,80.53,0,33472.391851500026,826479.021666772
2014-11-01,873539.2478855,975,80.0898765778401,0,114613.01717849995,815350.081058675
2014-11-02,709851.4922288,944,79.21012342215988,1,-182277.00672020006,833641.4784140389
2014-11-03,973192.041735,690,78.77,1,400385.40980649996,639050.671065867
2014-11-04,702751.953595,2373,77.15,0,190073.14208999998,682056.7127454755
2014-11-05,718799.9390395,4858,78.71,0,157980.261039,398992.43695435906
2014-11-06,566118.381055,2519,77.87,1,106403.114895,573978.825734454
2014-11-07,585330.25773,4392,78.71,1,23454.18581449997,821715.3762432849
2014-11-08,816064.644983,861,78.38991023842918,0,-57474.60290249996,873203.1051023541
2014-11-09,941478.422301,956,77.75008976157083,0,231626.93007220002,683120.2678503952
2014-11-10,593376.793073,540,77.43,1,-379815.24866199994,572919.8994354605
2014-11-11,552505.750307,2362,77.85,1,-150246.20328799996,646083.2872117416
2014-11-12,588093.484021,4810,77.16,1,-130706.45501849998,481461.60867181
2014-11-13,468057.386823,2503,74.13,0,-98060.99423200003,572593.1063945809
2014-11-14,553007.970965,4434,75.91,0,-32322.286764999968,809750.9471314043
2014-11-15,786124.201177,1184,75.84248106591865,0,-29940.443806000054,892929.5735611265
2014-11-16,956619.401927,1058,75.70751893408134,0,15140.979626000044,650528.8637704948
2014-11-17,620876.340058,754,75.64,0,27499.546984999906,569324.6555549509
2014-11-18,553367.204141,2663,74.55,0,861.4538340000436,618213.5453127369
2014-11-19,580234.0113007,5147,74.55,0,-7859.472720299964,509712.8085950484
2014-11-20,511855.7610447,2824,75.63,0,43798.37422170001,651825.925164573
2014-11-21,567978.732759,4573,76.52,0,14970.76179400005,782459.1490449097
2014-11-22,763720.148593,868,76.32494530154277,0,-22404.05258399993,923740.1910382726
2014-11-23,907432.656994,973,75.93505469845722,0,-49186.74493300007,806166.3189432769
2014-11-24,610847.95702,710,75.74,0,-10028.38303799997,676194.5955746217
2014-11-25,541225.608011,2544,74.04,0,-12141.596130000078,713655.0387763013
2014-11-26,579125.306002,5021,73.7,0,-1108.7052987000206,586411.9460477133
2014-11-27,475823.897052,2774,69.82000000000001,0,-36031.863992700004,683553.6931685696
2014-11-28,559619.825094,4654,65.94,1,-8358.907665000064,914425.4358523103
2014-11-29,850925.105136,994,66.70021318373071,0,87204.95654299995,950222.1237393202
2014-11-30,1023691.281592,1076,68.21978681626929,0,116258.62459800008,791808.5738963061
2014-12-01,817413.561974,1423,68.98,1,206565.60495399998,678669.8330369198
2014-12-02,735319.1840285,3045,66.99,0,194093.57601750002,738109.5285412257
2014-12-03,715127.614539,5359,67.3,0,136002.30853699998,584255.7205469063
2014-12-04,578961.517004,3216,66.73,0,103137.61995200004,620032.2846124737
2014-12-05,635445.153317,4849,65.89,1,75825.32822300005,880291.7615788914
2014-12-06,829386.70612,1151,65.19980645161291,1,-21538.39901599998,1017941.8665865541
2014-12-07,1013889.8074,1165,63.8201935483871,0,-9801.474191999994,749733.6249082971
2014-12-08,790283.289992,922,63.13,1,-27130.271981999977,705276.2604152212
2014-12-09,665123.962957,2992,63.74,0,-70195.22107149998,771822.4287041363
2014-12-10,732121.033873,5562,60.99,0,16993.419333999977,657321.8149141986
2014-12-11,580542.178879,3159,60.01,0,1580.6618749999907,706317.0274618728
2014-12-12,642760.387245,4853,57.81,0,7315.233927999972,1006545.4292383615
2014-12-13,854830.905829,1261,57.347370266479665,0,25444.199709000066,1112739.9391222233
2014-12-14,999106.1325775,1410,56.42262973352034,0,-14783.674822500092,928699.9167786239
2014-12-15,790182.945791,1025,55.96,0,-100.34420099994168,1255270.85283913
2014-12-16,799067.056179,2973,55.97,0,133943.09322199994,1073959.4570221389
2014-12-17,779966.499188,5290,56.43,0,47845.46531500004,1362346.2739895033
2014-12-18,731938.479893,3179,54.18,0,151396.30101399997,636722.6646901226
2014-12-19,757349.3758179,4940,56.91,0,114588.98857290007,1147552.1762786366
2014-12-20,935555.52434,1534,56.49488359046283,1,80724.61851099995,1047870.980649328
2014-12-21,1056605.2012285,1579,55.66511640953716,1,57499.068651000154,1068289.7708267625
2014-12-22,2016286.6920386,3164,55.25,1,1226103.7462476,879599.7044522887
2014-12-23,1064977.9730725,3365,56.78,1,265910.9168935,472080.53498941846
2014-12-24,965982.871715,5828,55.7,1,186016.37252700003,715187.0468798095
2014-12-26,1744196.91359,11428,54.59,1,1012258.433697,417931.0576331148
2014-12-27,740596.158932,1747,54.30742075736326,0,-16753.21688590001,744996.2955939259
2014-12-28,716329.635071,1859,53.742579242636744,0,-219225.88926900004,916568.9822672061
2014-12-29,773998.401175,1783,53.46,0,-282606.8000535001,820638.2962972661
2014-12-30,912970.533204,3494,54.14,0,-1103316.1588346001,359037.7264374226
2014-12-31,844380.469674,5648,53.45,1,-220597.50339849992,358939.96804631135
2015-01-01,12773.61698,12,53.085,1,-953209.254735,732372.1143507233
2015-01-02,657763.391981,4949,52.72,1,-1086433.521609,502814.6662304399
2015-01-03,648880.686926,1306,52.05231276297335,0,-91715.472006,748072.9995554934
2015-01-04,730923.776022,1295,50.717687237026645,0,14594.140951000038,732475.079500522
2015-01-05,569267.29796,1148,50.05,0,-204731.103215,673556.7479356689
2015-01-06,477886.741053,1042,47.98,0,-435083.792151,385384.27772335534
2015-01-07,494160.850117,1291,48.69,0,-350219.61955700006,323063.9045430306
2015-01-08,417482.689131,3063,48.8,0,404709.07215100003,608817.9916511108
2015-01-09,439381.226073,4761,48.35,0,-218382.16590799997,409083.0859964646
2015-01-10,569956.90801,954,47.77733941093969,1,-78923.77891600004,762259.1560223411
2015-01-11,694860.9511,1058,46.63266058906031,0,-36062.82492200006,665585.7649664714
2015-01-12,442845.544014,1043,46.06,0,-126421.75394600001,588107.838734499
2015-01-13,393799.993059,1213,45.92,0,-84086.74799399998,339406.0255263834
2015-01-14,400923.97107,1586,48.49,0,-93236.87904699997,390645.070043179
2015-01-15,371146.144942,2608,46.37,0,-46336.54418900004,579923.8949220175
2015-01-16,423599.9357975,4510,48.49,0,-15781.290275499981,473458.06331369956
2015-01-17,621865.434007,712,48.2065606882364,0,51908.52599699993,730929.0209400596
2015-01-18,678277.030991,577,47.64,0,-16583.92010899994,599084.5089792311
2015-01-19,448217.896919,588,47.07343931176361,0,5372.352905000036,529799.246934335
2015-01-20,405308.77722,569,46.79,0,11508.784160999989,347059.420231833
2015-01-21,413202.592067,697,47.85,0,12278.620996999962,364747.54653890734
2015-01-22,364862.5390355,2598,45.93,0,-6283.605906499957,522583.7438418735
2015-01-23,416937.181925,4475,45.26,0,-6662.753872500034,494704.6752422377
2015-01-24,588849.871003,632,45.14496774193548,0,-33015.563003999996,729184.7343554964
2015-01-25,631623.951015,616,44.91503225806451,0,-46653.07997600001,640565.4261992987
2015-01-26,410009.617966,540,44.8,0,-38208.27895300003,551850.2765105681
2015-01-27,360009.850046,560,45.84,0,-45298.92717400001,423379.7311458249
2015-01-28,376935.916035,639,44.08,0,-36266.67603199999,377790.88776120596
2015-01-29,343062.160973,2696,44.12,0,-21800.378062500036,555524.4644484903
2015-01-30,435899.6719165,4647,47.79,0,18962.489991500042,538875.0807198536
2015-01-31,656205.841844,763,48.15510238429172,0,67355.97084100009,746879.891752319
2015-02-01,815294.475951,727,48.884897615708276,0,183670.524936,536509.8217745856
2015-02-02,538301.886974,653,49.25,0,128292.26900800003,509292.00370931474
2015-02-03,475249.842928,583,53.04,0,115239.99288200005,374826.8994686273
2015-02-04,451923.147059,687,48.45,0,74987.23102399998,371921.36556947493
2015-02-05,407491.967944,2640,50.48,0,64429.80697099998,487652.1247517245
2015-02-06,437147.54517,4645,51.66,0,1247.8732534999726,566834.1645506618
2015-02-07,599911.594879,721,51.992593267882185,0,-56294.24696500006,683936.8107973248
2015-02-08,622994.231951,690,52.65740673211781,0,-192300.24399999995,497207.6002303257
2015-02-09,458002.152043,722,52.99,0,-80299.73493100004,458138.2101458977
2015-02-10,400825.9849177,694,50.06,0,-74423.85801030003,362928.21733493515
2015-02-11,400115.3330245,766,48.8,0,-51807.814034499985,440575.9017445703
2015-02-12,384963.142969,2613,51.17,0,-22528.824974999996,539475.2990368196
2015-02-13,493265.468013,4536,52.66,0,56117.92284299998,554803.4808433634
2015-02-14,562855.068099,697,52.81005610622779,0,-37056.52677999996,613589.1441887887
2015-02-15,434886.671834,576,53.11,0,-188107.56011700007,524363.1182551713
2015-02-16,420740.903983,574,53.409943893772216,1,-37261.248059999954,491818.5073928791
2015-02-17,483088.13409300003,609,53.56,1,82262.14917530003,429933.5217301498
2015-02-18,497499.057967,670,52.13,0,97383.7249425,376773.90706627443
2015-02-19,436360.905914,2616,51.12,0,51397.762945000024,485083.12516005535
2015-02-20,483681.015026,4387,49.95,0,-9584.452986999997,530526.388171331
2015-02-21,572753.075038,443,49.85247265077139,0,9898.006938999984,686847.227574764
2015-02-22,691339.067796,573,49.65752734922861,0,256452.39596200007,636161.470646663
2015-02-23,443349.890841,425,49.56,0,22608.98685799999,498806.9612778633
2015-02-24,407890.277971,411,48.48,0,-75197.85612200003,444174.258356772
2015-02-25,395774.954032,476,50.25,0,-101724.10393500002,399577.8372535008
2015-02-26,354938.226975,2631,47.65,0,-81422.678939,529396.8109572869
2015-02-27,436488.424914,4475,49.84,0,-47192.590112000005,594030.848184432
2015-02-28,635263.400075,504,49.7774824684432,0,62510.325037,739646.8209693034
2015-03-01,820434.978924,617,49.6525175315568,0,129095.911128,490519.42174281215
2015-03-02,546037.787999,464,49.59,1,102687.89715800004,491903.21323153854
2015-03-03,492365.24083,571,50.43,0,84474.96285900002,434056.585334564
2015-03-04,483330.548167,608,51.53,0,87555.59413500002,417127.6692565117
2015-03-05,428599.809059,2679,50.76,0,73661.582084,479700.47677092365
2015-03-06,463723.974873,4451,49.61,0,27235.549959000025,594546.8397418896
2015-03-07,657377.210913,660,49.69502384291725,0,22113.810838000034,698382.398278225
2015-03-08,659563.411966,538,49.86497615708275,0,-160871.56695800007,495742.7411302763
2015-03-09,480371.950086,557,49.95,0,-65665.83791300002,481656.62073994084
2015-03-10,457881.7640763,567,48.42,0,-34483.4767537,416931.03785551153
2015-03-11,425617.727075,572,48.06,0,-57712.821092,381699.7573295114
2015-03-12,382588.6690535,2664,47.12,0,-46011.1400055,453703.2355257581
2015-03-13,434805.995204,4501,44.88,0,-28917.979669000022,603638.2492009732
2015-03-14,616609.760896,649,44.64243338008416,0,-40767.45001700008,690902.8518963881
2015-03-15,662700.871933,636,44.16756661991585,0,3137.4599670000607,479147.75660672283
2015-03-16,466598.425914,597,43.93,0,-13773.524172000005,440557.92477359524
2015-03-17,415359.51603,581,43.39,0,-42522.248046300025,401071.0256985379
2015-03-18,398629.999994,600,44.63,0,-26987.72708099999,379389.2112074552
2015-03-19,373324.3829895,2698,44.02,0,-9264.286063999985,467597.7471999025
2015-03-20,467687.945081,4477,46.0,0,32881.94987700001,591840.0854978052
2015-03-21,624099.228222,597,46.3500981767181,0,7489.467325999984,659935.5929334916
2015-03-22,646466.401887,666,47.04990182328191,0,-16234.47004600009,469904.0332525168
2015-03-23,462664.2370045,543,47.4,0,-3934.1889095000224,434697.86024032644
2015-03-24,407369.722015,445,47.03,0,-7989.794014999992,485668.00181253563
2015-03-25,408258.189916,579,48.75,0,9628.18992199999,419707.1733339655
2015-03-26,367006.957001,2769,51.41,0,-6317.4259885000065,595630.5159893872
2015-03-27,436906.608975,4596,48.83,0,-30781.336106000002,612206.6395038617
2015-03-28,589854.7040575,587,48.78748807854138,0,-34244.52416449995,685214.2772746631
2015-03-29,641213.770163,669,48.70251192145862,0,-5252.631723999977,452115.3177584433
2015-03-30,437878.834978,632,48.66,0,-24785.40202649997,484514.95220744284
2015-03-31,443278.893073,590,47.72,0,35909.17105800001,467054.3769439767
2015-04-01,557223.161038,777,50.12,1,148964.97112200002,457789.29035459575
2015-04-02,524588.902022,2854,49.13,0,157581.94502100005,445631.9899261176
2015-04-03,510296.785948,4598,49.621850570413315,1,73390.176973,606035.8251401338
2015-04-04,653894.195903,712,50.605,0,64039.49184549996,719684.6590515045
2015-04-05,659669.577136,707,51.588149429586686,0,18455.806973000057,469500.4300770212
2015-04-06,519734.816963,578,52.08,0,81855.98198499996,492353.6111388609
2015-04-07,464788.21798,631,53.95,0,21509.324907000002,379835.1365083907
2015-04-08,461140.213006,753,50.44,0,-96082.94803200004,419085.5026813473
2015-04-09,398718.315935,2883,50.79,0,-125870.58608700003,454898.3712931775
2015-04-10,445869.298012,4725,51.63,0,-64427.48793599999,636126.8634388618
2015-04-11,610603.017074,736,51.71002244039271,0,-43291.17882899998,648401.198460468
2015-04-12,659939.024086,715,51.86997755960729,1,269.4469500000123,498774.2824672086
2015-04-13,453724.756048,643,51.95,0,-66010.06091499998,498239.9165399083
2015-04-14,403623.396979,666,53.3,1,-61164.821001000004,435735.96029201127
2015-04-15,438106.287965,739,56.25,0,-23033.92504099995,393570.5514858788
2015-04-16,418643.193957,3374,56.69,0,19924.87802199996,455353.270183317
2015-04-17,456303.236748,5102,55.71,0,10433.93873600004,612375.6051913953
2015-04-18,629155.66071,1195,55.875046283309956,0,18552.643635999993,650750.0182824325
2015-04-19,684544.950159,1249,56.20495371669004,0,24605.92607299995,462255.3325353833
2015-04-20,481694.770966,1146,56.37,0,27970.01491799997,379341.175026456
2015-04-21,426018.313035,1090,55.58,1,22394.916055999987,405842.51409349334
2015-04-22,421108.210059,1250,56.17,0,-16998.07790600002,383301.88485828944
2015-04-23,392147.042002,3300,56.59,0,-26496.15195500001,546753.5438514294
2015-04-24,437625.507963,5216,55.98,0,-18677.728785000043,672402.9909204748
2015-04-25,588781.512939,1185,55.87497054698457,0,-40374.14777099993,718597.3165327819
2015-04-26,625901.000988,1169,55.66502945301543,0,-58643.949171000044,525592.1746264775
2015-04-27,425049.148087,1046,55.56,0,-56645.62287899997,443238.1889884115
2015-04-28,374839.1850745,1057,57.05,0,-51179.127960500016,495089.8205496764
2015-04-29,398724.330055,1012,58.55,0,-22383.880003999977,470002.93837779376
2015-04-30,432612.141938,3267,59.62,0,40465.09993600001,522306.98049956374
2015-05-01,674509.400095,5555,59.1,1,236883.89213200007,699277.6171821888
2015-05-02,711052.273896,1343,59.0549873772791,0,122270.76095699996,731814.0034892808
2015-05-03,742887.785029,1381,58.9650126227209,0,116986.78404100006,420098.6956999065
2015-05-04,556245.147953,1282,58.92,0,131195.99986600003,499093.58430270065
2015-05-05,509493.227021,1240,60.38,0,134654.04194650002,417954.379032406
2015-05-06,504999.550962,1340,60.93,0,106275.22090699995,439757.4217827248
2015-05-07,444082.309939,3372,58.99,0,11470.168001000013,444867.7709841391
2015-05-08,481304.22297,5130,59.41,0,-193205.17712500005,643629.5994128187
2015-05-09,706705.4400759999,1156,59.3649873772791,1,-4346.833820000058,636929.4924697492
2015-05-10,558062.273048,1024,59.2750126227209,1,-184825.51198100008,579263.9133088501
2015-05-11,524864.051063,1055,59.23,0,-31381.096890000044,455065.15441507415
2015-05-12,452162.874045,1014,60.72,1,-57330.352975999995,478420.8745338061
2015-05-13,446915.639008,1172,60.5,0,-58083.91195399995,383500.2939987343
2015-05-14,395609.666087,3153,59.89,0,-48472.64385200001,507139.7763168697
2015-05-15,483535.538107,5076,59.73,0,2231.315136999998,642671.4789205681
2015-05-16,709798.552994,1196,59.657479663394106,0,3093.112918000086,753087.4104612134
2015-05-17,798186.132143,1060,59.51252033660589,0,240123.85909500008,494974.0265195537
2015-05-18,496595.01098,968,59.44,0,-28269.04008299997,442373.6121681491
2015-05-19,446375.4880335,999,57.3,0,-5787.386011500028,467631.68584296043
2015-05-20,466238.630977,1232,58.96,0,19322.991968999966,450106.42741887335
2015-05-21,417006.136035,3115,60.18,0,21396.469947999984,474605.5114450559
2015-05-22,458727.917031,4923,58.88,0,-24807.62107599998,683475.2798089256
2015-05-23,658882.9229615,970,58.61490087899757,0,-50915.63003250002,764985.1557443643
2015-05-24,738068.426823,1012,58.085,1,-60117.70532000007,708584.4422353598
2015-05-25,534802.790004,941,57.555099121002435,0,38207.77902399993,746385.3832589885
2015-05-26,463132.406006,887,57.29,0,16756.91797250003,822596.487142579
2015-05-27,481804.96096,1007,57.51,0,15566.329983000003,467215.6204777878
2015-05-28,428506.881011,3183,57.69,0,11500.744976000045,599212.1578882064
2015-05-29,560519.530038,5079,60.25,0,101791.61300699995,808298.7659952256
2015-05-30,855728.291973,992,60.24749929873772,0,196845.36901150004,917307.0321610952
2015-05-31,1023564.76704,1025,60.24250070126227,0,285496.340217,735034.3983064368
2015-06-01,812081.2027655,1388,60.24,0,277278.4127615001,695310.2961321997
2015-06-02,753430.6418917,3643,61.3,0,290298.2358857,727758.0938376262
2015-06-03,747929.452075,5581,59.67,0,266124.49111500004,335447.9558509527
2015-06-04,608994.6461083,3401,58.0,0,180487.76509729994,692545.0880202574
2015-06-05,657675.126037,5144,59.11,0,97155.59599900001,800637.3327837781
2015-06-06,904437.271141,1066,58.86993267882188,0,48708.97916799993,960697.4732499506
2015-06-07,1070695.9178497,1068,58.390067321178115,0,47131.15080970002,640549.0117985128
2015-06-08,696952.81204,949,58.15,0,-115128.39072550007,661358.2739375867
2015-06-09,623725.1071692,3216,60.15,0,-129705.53472250002,872295.4063659286
2015-06-10,641435.3719983,5373,61.36,0,-106494.08007670008,364365.2327177428
2015-06-11,510019.1489275,1369,60.74,0,-98975.49718079995,665998.1946410559
2015-06-12,606616.000975,6500,59.96,0,-51059.12506200001,796023.4918176709
2015-06-13,840727.775905,1564,59.852469845722304,0,-63709.49523599993,1028079.8708665208
2015-06-14,967745.7218685,2239,59.6375301542777,0,-102950.19598119997,576745.6659855321
2015-06-15,666557.1317587,1495,59.53,0,-30395.68028129998,735572.1648083144
2015-06-16,672637.824072,3629,60.01,0,48912.71690280002,785303.9787696238
2015-06-17,677171.157112,8606,59.89,0,35735.78511370008,564921.6333248622
2015-06-18,556155.0391433,1775,60.41,0,46135.89021580003,961559.8129853585
2015-06-19,659233.5706609,6748,59.62,0,52617.5696859,907611.3193386204
2015-06-20,936951.654373,1586,59.71752734922861,0,96223.87846799998,983423.7864345713
2015-06-21,790568.421132,2389,59.912472650771385,0,-177177.30073649995,512925.5382127275
2015-06-22,701208.22895,1617,60.01,0,34651.09719130001,689561.6230169395
2015-06-23,640322.326029,3756,61.05,1,-32315.498043,809605.6122917521
2015-06-24,643411.714061,9265,60.01,0,-33759.44305100001,785055.1680824119
2015-06-25,1556102.8676919,3462,59.59,1,999947.8285486001,1089643.6013368606
2015-06-26,593299.460788,6213,59.41,0,-65934.10987289995,1023098.9832830471
2015-06-27,831492.4641955,1166,59.142424964936886,0,-105459.19017750002,1018730.6245819532
2015-06-28,976563.5890657,1994,58.607575035063114,0,185995.1679336999,807178.2466157314
2015-06-29,639072.192193,1006,58.34,0,-62136.03675700002,606464.0060490939
2015-06-30,669548.425059,2927,59.48,0,29226.09903000004,863534.9520357639
2015-07-01,885953.200992,8448,56.94,0,242541.48693100002,671435.1499794712
2015-07-02,705642.2820965,1306,56.93,0,-850460.5855954001,740980.5221877319
2015-07-03,1545546.78784,12968,55.817343947257676,1,952247.3270519999,832101.3539983423
2015-07-04,1018541.84294,1252,54.148828026371156,0,187049.3787445,886124.3561084889
2015-07-05,982427.6819,2065,53.03648407911348,0,5864.092834300012,626424.8045742292
2015-07-06,754949.70914,1033,52.48,0,115877.51694700005,640611.8730348924
2015-07-07,654821.0515315,2971,52.33,0,-14727.37352750008,765561.2187787052
2015-07-08,732992.130029,8236,51.61,0,-152961.07096300006,575130.4295285459
2015-07-09,605032.4963965,1214,52.76,0,-100609.78570000001,694810.438065753
2015-07-10,643986.381178,6406,52.74,0,-901560.4066619999,796713.3633770157
2015-07-11,794984.703157,1137,52.60246143057503,0,-223557.139783,915958.2675523891
2015-07-12,898731.936734,1942,52.32753856942496,0,-83695.74516599998,675055.6158314598
2015-07-13,647967.077874,1009,52.19,0,-106982.6312660001,639695.703207696
2015-07-14,601452.258023,2851,53.05,0,-53368.79350849998,750379.2001473685
2015-07-15,664505.1001790001,8255,51.4,0,-68487.02984999993,654804.9030194529
2015-07-16,584042.727022,1225,50.9,0,-20989.76937450003,696540.4179430162
2015-07-17,653452.17114,6503,50.88,0,9465.78996199998,850744.2044437211
2015-07-18,826353.336031,1126,50.68744600280505,0,31368.632874000003,872323.496042093
2015-07-19,894707.299378,1938,50.302553997194956,0,-4024.637356000021,659746.6384300165
2015-07-20,685961.243972,1357,50.11,0,37994.166098000016,621484.7201196529
2015-07-21,607836.498977,3157,50.59,0,6384.240954000037,724262.6184284459
2015-07-22,631385.408886,8415,49.27,0,-33119.69129300001,539434.4916060322
2015-07-23,541511.421067,1482,48.11,1,-42531.30595499999,656414.6912438143
2015-07-24,635244.2449785,6714,47.98,1,-18207.926161500043,816431.5582750399
2015-07-25,797427.520942,1529,47.77744319775596,1,-28925.81508900004,1019239.9549360187
2015-07-26,875032.0362592,2383,47.372556802244034,0,-19675.26311880001,766864.1644956572
2015-07-27,652999.1942961001,1466,47.17,0,-32962.04967589991,735360.7873808634
2015-07-28,594977.6665523,3408,47.97,0,-12858.832424700027,830751.2304351735
2015-07-29,625449.98155,8747,48.77,0,-5935.4273360000225,593484.2412788246
2015-07-30,543393.592625,1662,48.53,0,1882.171558000031,694133.0875616135
2015-07-31,695083.4489723,7021,47.11,0,59839.203993800096,893828.2558304812
2015-08-01,1044894.790061,1448,46.64486956521739,0,247467.26911900006,938435.4701494627
2015-08-02,1043495.475018,2194,45.71513043478261,0,168463.43875880004,650117.6683134148
2015-08-03,811119.83411,1405,45.25,0,158120.6398139,634392.5342679059
2015-08-04,726613.35811,3489,45.75,0,131635.69155770005,665105.5775076805
2015-08-05,724346.594,8919,45.13,1,98896.61245000002,638989.2727101141
2015-08-06,583375.211759,1529,44.69,0,39981.61913399992,654051.8539447163
2015-08-07,663326.5180703,6744,43.87,0,-31756.93090200005,943021.1850102732
2015-08-08,784099.215997,1436,44.13757503506311,0,-260795.57406400004,867696.8200744975
2015-08-09,679410.125135,2287,44.67242496493688,0,-364085.349883,762770.2359756692
2015-08-10,785477.934216,1389,44.94,1,-25641.89989400003,661429.7241088318
2015-08-11,668280.357956,3358,43.11,0,-58333.00015400001,676973.8189529147
2015-08-12,678064.7316857,7917,43.22,0,-46281.86231430003,570079.1695998636
2015-08-13,557859.477954,1482,42.27,0,-25515.733804999967,733277.6958076692
2015-08-14,734484.205049,6748,42.45,0,71157.68697869999,859504.6175729193
2015-08-15,936339.026059,1434,42.319963534361854,1,152239.81006200006,881237.485268666
2015-08-16,913846.62503,2166,42.06003646563815,0,234436.49989500002,756737.2586943937
2015-08-17,694747.161863,1393,41.93,0,-90730.77235300001,625770.8367574323
2015-08-18,629475.6430527,3316,42.58,0,-38804.714903300046,671064.7796541621
2015-08-19,653733.3600063,7781,40.75,0,-24331.371679399977,548042.1964783707
2015-08-20,569443.704073,1511,41.0,0,11584.226118999999,665694.7981719772
2015-08-21,653281.208151,7086,40.45,0,-81202.99689800001,805876.8017045395
2015-08-22,803270.157597,1653,39.89234361851332,0,-133068.86846200004,889315.1553409599
2015-08-23,865755.397429,2412,38.77765638148668,0,-48091.22760099999,699326.2004594703
2015-08-24,681575.9899773,1491,38.22,1,-13171.171885699965,720292.4132743119
2015-08-25,624698.33755,3525,39.15,0,-4777.305502699921,789611.5580380675
2015-08-26,640075.9908365,8142,38.5,0,-13657.369169800077,729500.788960003
2015-08-27,548043.327354,1462,42.47,0,-21400.37671900005,806468.8176452523
2015-08-28,635737.2322,6846,45.29,0,-17543.975951,931515.7210278875
2015-08-29,876953.096934,1484,46.267774193548384,0,73682.93933700002,1046227.0395345354
2015-08-30,975697.601858,2310,48.22222580645161,0,109942.20442900003,869010.5092826282
2015-08-31,776152.5521897,1257,49.2,0,94576.5622123999,819818.7250071701
2015-09-01,906549.992952,3595,45.38,0,281851.65540199995,750771.5141735051
2015-09-02,879033.0925,8161,46.3,0,238957.10166350007,606959.6887488432
2015-09-03,707093.042,2241,46.75,0,159049.71464600007,696494.2708359302
2015-09-04,736395.302632,7802,46.02,0,100658.07043199998,928655.2849105274
2015-09-05,1052868.394291,2570,46.003327099308024,0,175915.29735699994,1010626.318013984
2015-09-06,1147642.583011,3486,45.970000000000006,0,171944.9811529999,762338.2433924471
2015-09-07,767382.7769737,2391,45.93667290069198,0,-8769.775215999922,707530.6915366425
2015-09-08,677312.236066,4385,45.92,0,-229237.75688600005,710483.8499137121
2015-09-09,705633.4998935,8964,44.13,0,-173399.59260650002,609208.2743826873
2015-09-10,577743.795026,2597,45.85,0,-129349.24697400001,706789.9982192481
2015-09-11,651330.167952,7873,44.75,0,-85065.1346799999,922113.0140855071
2015-09-12,921524.436013,2572,44.579952314165496,0,-131343.958278,1000300.0302302198
2015-09-13,1023345.318906,3511,44.2400476858345,0,-124297.26410499995,749495.5209784341
2015-09-14,688405.190061,2433,44.07,0,-78977.58691270009,714213.9217423948
2015-09-15,682134.3540295,4657,44.58,0,4822.117963500088,728357.9495549098
2015-09-16,742089.667998,9156,47.12,0,36456.168104500044,575671.7384345952
2015-09-17,593577.802125,2563,46.93,0,15834.007099000039,654112.3585949247
2015-09-18,653805.874946,7943,44.71,0,2475.7069940000074,911735.8571155255
2015-09-19,935893.481059,2727,45.20013744740533,0,14369.045046000043,998245.1804851975
2015-09-20,1037532.860693,3551,46.17986255259467,0,14187.541787000024,791574.3621410977
2015-09-21,717725.376959,2517,46.67,0,29320.186898000073,634695.8880005634
2015-09-22,641914.7389995,4480,46.17,0,-40219.615029999986,685665.9218220493
2015-09-23,690419.721922,9189,44.53,0,-51669.94607599999,563240.7829745101
2015-09-24,557321.610921,2352,44.94,0,-36256.19120400003,780545.2540481497
2015-09-25,646083.8750635,7739,45.55,0,-7721.999882500037,989955.3977671377
2015-09-26,890486.060145,2486,45.262419354838705,0,-45407.42091400002,1143555.9061373929
2015-09-27,1018062.963565,3382,44.68758064516129,0,-19469.89712800004,792140.97969379
2015-09-28,671261.0640092,2245,44.4,1,-46464.31294980005,751510.1813724537
2015-09-29,609130.6581453,4278,45.24,0,-32784.08085420006,804965.1872220522
2015-09-30,711182.539054,9027,45.06,0,20762.817131999996,633785.3426999359
2015-10-01,796340.858947,2231,44.75,0,239019.248026,778616.0905603553
2015-10-02,830719.387744,7801,45.54,0,184635.51268049993,1008476.7755584966
2015-10-03,1179376.177625,2220,45.72505189340813,0,288890.11748,1035184.8816474506
2015-10-04,1234130.938595,3011,46.094948106591865,0,216067.97502999997,690461.7129283575
2015-10-05,809524.837996,1990,46.28,0,138263.7739868,628424.0980316366
2015-10-06,696169.275967,3989,48.53,0,87038.61782170006,679708.108603998
2015-10-07,720562.330573,8798,47.86,1,9379.791518999962,577044.3577232383
2015-10-08,603066.030064,2042,49.46,0,-193274.82888299995,684619.9942459387
2015-10-09,873934.7190479999,7815,49.67,1,43215.33130399999,908312.8145543897
2015-10-10,867556.973019,1969,49.0248190743338,0,-311819.204606,998343.3886372577
2015-10-11,973329.203973,2852,47.73518092566621,0,-260801.7346219999,722945.7418660559
2015-10-12,721634.5721813,1864,47.09,0,-87890.26581469993,632818.0122628305
2015-10-13,585141.5538577,3899,46.7,0,-111027.72210930008,682528.8393581415
2015-10-14,688198.106351,8778,46.63,0,-32364.22422199999,582974.9600230085
2015-10-15,577952.197162,1289,46.38,0,-25113.832902000053,689706.002272232
2015-10-16,693829.351874,6959,47.3,0,-180105.3671739999,877093.3007065926
2015-10-17,958052.958031,1355,46.952402524544176,0,90495.98501199996,986696.8859157718
2015-10-18,1071477.102879,2212,46.25759747545582,0,98147.89890599984,682888.7548352011
2015-10-19,699259.488037,1166,45.91,0,-22375.084144300083,614918.2534174395
2015-10-20,660308.361186,3039,45.84,0,75166.80732830008,646684.218895695
2015-10-21,672847.3460333,7950,45.22,0,-15350.760317699984,546530.0524933349
2015-10-22,547020.0469813,1019,44.9,0,-30932.150180700002,651449.1449343085
2015-10-23,639040.6062,6519,43.91,0,-54788.745674000005,892238.0147764884
2015-10-24,859950.710621,915,43.72994950911641,0,-98102.24740999995,1029313.6299344985
2015-10-25,1018783.141953,1822,43.37005049088359,0,-52693.96092599991,677531.9023633286
2015-10-26,649914.352338,842,43.19,0,-49345.13569899998,688552.9010749197
2015-10-27,587066.101075,2944,43.21,0,-73242.26011100004,809297.4520131282
2015-10-28,599388.1222552,7811,45.93,0,-73459.22377809999,726948.4846897924
2015-10-29,511860.0689186,1392,46.02,0,-35159.978062700015,824015.0632152859
2015-10-30,635875.8911987,7060,46.6,0,-3164.7150013000937,934902.7566052036
2015-10-31,915956.851878,1667,46.47996633941094,0,56006.14125699992,959140.2388287807
2015-11-01,819250.388037,2621,46.240033660589056,0,-199532.75391600002,734486.1463034507
2015-11-02,762549.794932,1715,46.12,1,112635.44259400002,842123.9013833599
2015-11-03,1033439.132986,3898,47.88,1,446373.031911,755227.4944701358
2015-11-04,855494.43996,9041,46.32,0,256106.31770479993,577334.2189424066
2015-11-05,649662.670907,1872,45.27,0,137802.60198839998,574014.0506462649
2015-11-06,671145.788057,7448,44.32,1,35269.89685830008,933724.2223901801
2015-11-07,929723.344157,1881,44.207468443197754,1,13766.492278999998,1013444.0162731752
2015-11-08,1077361.9559685,2868,43.98253155680224,0,258111.56793150015,758496.7489739755
2015-11-09,683644.901987,1707,43.87,0,-78904.89294499997,686326.3011348521
2015-11-10,623529.1790699,3788,44.23,1,-409909.9539161001,723221.4575817788
2015-11-11,689746.212316,8741,42.95,1,-165748.22764399997,575359.7305897699
2015-11-12,506937.6640027,1777,41.74,1,-142725.00690429995,677246.1271335569
2015-11-13,626674.025055,7175,40.69,0,-44471.76300200005,918313.2785627076
2015-11-14,867597.332909,2300,40.937569424964934,0,-62126.011247999966,1035899.561432933
2015-11-15,1056159.462651,3508,41.43243057503506,0,-21202.493317500222,703270.2353945734
2015-11-16,716508.7092175,2524,41.68,0,32863.80723050004,671496.090702999
2015-11-17,618919.988059,4525,40.73,0,-4609.191010899958,688292.963793146
2015-11-18,683954.18795,9935,40.75,0,-5792.024365999969,534589.3141933653
2015-11-19,560452.567301,2888,40.55,0,53514.90329829999,720018.7911575733
2015-11-20,665619.668251,8109,39.39,0,38945.64319600002,872527.748921904
2015-11-21,863726.8816559,2473,39.359991584852736,0,-3870.451253099949,994240.3915921905
2015-11-22,1015844.2849005,3537,39.30000841514727,0,-40315.17775049992,781146.8062673752
2015-11-23,696685.460932,2307,39.27,0,-19823.2482855001,717078.3947897237
2015-11-24,612710.200935,4508,40.89,0,-6209.787124000024,811625.9702188133
2015-11-25,658917.83013,9548,41.22,0,-25036.357820000034,640245.3211726662
2015-11-26,530358.330027,2134,40.895,0,-30094.237273999956,750357.2310333289
2015-11-27,645087.0350447,7812,40.57,1,-20532.63320629997,996956.6816543707
2015-11-28,850596.003884,2432,40.53499018232819,0,-13130.877771900035,1131260.4370809365
2015-11-29,1070619.802932,3235,40.46500981767181,0,54775.51803150005,739027.200641192
2015-11-30,762036.1239965,2190,40.43,1,65350.663064500084,836862.4183754226
2015-12-01,857620.9426407,5121,40.58,0,244910.74170570006,767623.3495568468
2015-12-02,867269.5758400001,10113,39.93,0,208351.74571000005,599828.7293995833
2015-12-03,676883.031992,2513,41.08,0,146524.7019649999,685892.2723655831
2015-12-04,749354.1319635,8073,40.0,0,104267.09691880003,946902.58805745
2015-12-05,966202.367876,2404,39.40983450210379,1,115606.363992,1060997.1379121814
2015-12-06,1143119.31945,3188,38.230165497896216,1,72499.51651800005,733409.5417970158
2015-12-07,822334.708983,2031,37.64,0,60298.58498649998,829921.6992079127
2015-12-08,712569.16983,4241,37.46,1,-145051.7728107,854013.0010063563
2015-12-09,747893.782087,9603,37.16,0,-119375.79375300009,641336.4864413443
2015-12-10,657427.1785246,2013,36.76,0,-19455.853467399953,766982.8755811595
2015-12-11,708392.807819,7574,35.65,0,-40961.324144500075,1029824.7928332785
2015-12-12,915667.884291,2179,35.815046283309954,0,-50534.48358500004,1180839.962591019
2015-12-13,1059425.4213405,2924,36.14495371669005,0,-83693.89810950006,894277.1529112416
2015-12-14,811613.7221567,1672,36.31,0,-10720.986826300039,1098250.8670535402
2015-12-15,779809.953397,5965,37.32,0,67240.78356699995,1387531.48760041
2015-12-16,859930.249129,11274,35.55,0,112036.46704200003,1054597.812987369
2015-12-17,809809.748717,2120,34.98,0,152382.57019240002,821779.037325475
2015-12-18,893569.902701,7493,34.72,0,185177.094882,1072673.841810151
2015-12-19,1095523.5178683,2231,34.67748807854137,0,179855.6335773,1084429.6373713634
2015-12-20,1175416.9636673,3037,34.59251192145862,0,115991.54232680006,869766.4225870562
2015-12-21,1072887.476889,1811,34.55,1,261273.75473230006,1288757.9712468418
2015-12-22,2283723.81852,8244,36.12,1,1503913.8651230002,440634.53897458455
2015-12-23,1196146.056374,9276,36.76,1,336215.8072449999,638391.7904884743
2015-12-24,1083680.315238,1838,37.62,1,273870.5665209999,347932.90156200284
2015-12-26,946725.190766,1725,37.30491164095371,1,53155.28806499997,781383.9892508982
2015-12-27,837714.129168,2582,36.67508835904628,0,-257809.3887003,697320.5601152538
2015-12-28,789684.9127821,1316,36.36,0,-385732.05088520003,537713.871238702
2015-12-29,870762.025758,3848,37.88,0,-202125.45113100007,564843.2625263392
2015-12-30,1030043.735764,9068,36.59,0,-1253680.082756,293924.77986363135
2015-12-31,964641.5415009999,1638,37.13,1,-231504.51487299998,555149.762719337
